<?xml version="1.0" ?>
<?xml-stylesheet href="lexers.xsl" type="text/xsl" ?>
<!--
File:    lexers.xml
Purpose: Lexers configuration for wxextension.
         See scintilla v1.75 (www.scintilla.org) for explanation of 
         style numbers.
Author:  Anton van Wezenbeek
RCS-ID:  $Id: lexers.xml 2544 2009-12-18 12:01:46Z antonvw $

Copyright (c) 1998-2009, Anton van Wezenbeek
All rights are reserved. Reproduction in whole or part is prohibited
without the written consent of the copyright owner.
-->

<!--
 Each <lexer> has a name atribute (scintilla lexer) and 
 an extensions atribute (file extensions for files associated with this lexer).
 Extensions are separated by a semicolon (;).
 Each lexer might contain the next elements:
 1) <colourings>. Colouring styles for this lexer. 
    The attribute 'no' contains the scintilla styles.
    This attribute lists all styles that will have the style specifier that 
    follows, separated by a comma sign (,).
    The value contains the scintilla style specifier. 
    It can have the next values:
    bold turns on bold
    italic turns on italics
    fore:[name or #RRGGBB] sets the foreground colour
    back:[name or #RRGGBB] sets the background colour
    face:[facename] sets the font face name to use
    size:[num] sets the font size in points
    eol turns on eol filling
    underline turns on underlining
 2) <keywords>. Keywords for this lexer. Default they are in set 0, but you can 
    explicitly express the set by adding :<setno> after the keyword.
 3) <properties>. Properties for this lexer. This field
    is built of two fields, separated by an equal sign (=).
    The first field contains the scintilla property key.
    The second field contains the scintilla property value. 
 4) A <comments> element.
 
 In addition to lexers, also <global> properties can be specified.
 At this moment <style>, <indicator>, <marker> and <hex> styles are supported.
 The marker element has a 'no' attribute and its value contains the next fields:
 <marker symbol number><','><foreground colour><','><background colour>
*/
-->

<lexers>
  <global>
    <!--
    #define wxSTC_MARK_CIRCLE 0
    #define wxSTC_MARK_ROUNDRECT 1
    #define wxSTC_MARK_ARROW 2
    #define wxSTC_MARK_SMALLRECT 3
    #define wxSTC_MARK_SHORTARROW 4
    #define wxSTC_MARK_EMPTY 5
    #define wxSTC_MARK_ARROWDOWN 6
    #define wxSTC_MARK_MINUS 7
    #define wxSTC_MARK_PLUS 8
    #define wxSTC_MARK_VLINE 9
    #define wxSTC_MARK_LCORNER 10
    #define wxSTC_MARK_TCORNER 11
    #define wxSTC_MARK_BOXPLUS 12
    #define wxSTC_MARK_BOXPLUSCONNECTED 13
    #define wxSTC_MARK_BOXMINUS 14
    #define wxSTC_MARK_BOXMINUSCONNECTED 15
    #define wxSTC_MARK_LCORNERCURVE 16
    #define wxSTC_MARK_TCORNERCURVE 17
    #define wxSTC_MARK_CIRCLEPLUS 18
    #define wxSTC_MARK_CIRCLEPLUSCONNECTED 19
    #define wxSTC_MARK_CIRCLEMINUS 20
    #define wxSTC_MARK_CIRCLEMINUSCONNECTED 21
    #define wxSTC_MARK_BACKGROUND 22
    #define wxSTC_MARK_DOTDOTDOT 23
    #define wxSTC_MARK_ARROWS 24
    #define wxSTC_MARK_PIXMAP 25
    #define wxSTC_MARK_FULLRECT 26
    #define wxSTC_MARKNUM_FOLDEREND 25
    #define wxSTC_MARKNUM_FOLDEROPENMID 26
    #define wxSTC_MARKNUM_FOLDERMIDTAIL 27
    #define wxSTC_MARKNUM_FOLDERTAIL 28
    #define wxSTC_MARKNUM_FOLDERSUB 29
    #define wxSTC_MARKNUM_FOLDER 30
    #define wxSTC_MARKNUM_FOLDEROPEN 31
    #define wxSTC_STYLE_DEFAULT 32
    #define wxSTC_STYLE_LINENUMBER 33
    #define wxSTC_STYLE_BRACELIGHT 34
    #define wxSTC_STYLE_BRACEBAD 35
    #define wxSTC_STYLE_CONTROLCHAR 36
    #define wxSTC_STYLE_INDENTGUIDE 37
    #define wxSTC_STYLE_CALLTIP 38
    #define wxSTC_INDIC_PLAIN 0
    #define wxSTC_INDIC_SQUIGGLE 1
    #define wxSTC_INDIC_TT 2
    #define wxSTC_INDIC_DIAGONAL 3
    #define wxSTC_INDIC_STRIKE 4
    #define wxSTC_INDIC_HIDDEN 5
    #define wxSTC_INDIC_BOX 6
    #define wxSTC_INDIC_ROUNDBOX 7
    #define wxSTC_INDIC_MAX 31
    #define wxSTC_INDIC_CONTAINER 8
    #define wxSTC_INDIC0_MASK 0x20
    #define wxSTC_INDIC1_MASK 0x40
    #define wxSTC_INDIC2_MASK 0x80
    #define wxSTC_INDICS_MASK 0xE0
    #define wxSTC_IV_NONE 0
    #define wxSTC_IV_REAL 1
    #define wxSTC_IV_LOOKFORWARD 2
    #define wxSTC_IV_LOOKBOTH 3
    -->
    <marker no="25"> 2,light grey,white </marker>
    <marker no="26"> 6,light grey,white </marker>
    <marker no="27"> 11,light grey,light grey </marker>
    <marker no="28"> 10,light grey,light grey </marker>
    <marker no="29"> 9,light grey,light grey </marker>
    <marker no="30"> 2,light grey,white </marker>
    <marker no="31"> 6,light grey,white </marker>
    <indicator no="3"> 6 </indicator>
    <style no="0,1,2,3,4,5,6,7,8,9,10,11,12,13,14,15,16,17,18,19,20"> 
      fore:black,size:10,face:courier new </style>
    <!-- this style is used for placing edge line, 
         font should equal font used for code -->
    <style no="32"> size:10,face:courier new </style>
    <style no="34"> back:yellow,size:10,face:courier new </style>
    <style no="36"> size:6 </style>
    <hex no="0,1,2,3,4,5,6,7,8,9,10,11,12,13,14,15,16,17,18,19,20"> 
      fore:black,size:10,face:courier new </hex>
    <hex no="34"> back:red,size:10,face:courier new </hex>
  </global>
  
  <lexer 
    name="cpp"
    extensions="*.cpp;*.c;*.cc;*.h;*.hpp;*.inl;*.cxx;*.l;*.y">
    <!--
    #define wxSTC_C_DEFAULT 0
    #define wxSTC_C_COMMENT 1
    #define wxSTC_C_COMMENTLINE 2
    #define wxSTC_C_COMMENTDOC 3
    #define wxSTC_C_NUMBER 4
    #define wxSTC_C_WORD 5
    #define wxSTC_C_STRING 6
    #define wxSTC_C_CHARACTER 7
    #define wxSTC_C_UUID 8
    #define wxSTC_C_PREPROCESSOR 9
    #define wxSTC_C_OPERATOR 10
    #define wxSTC_C_IDENTIFIER 11
    #define wxSTC_C_STRINGEOL 12
    #define wxSTC_C_VERBATIM 13
    #define wxSTC_C_REGEX 14
    #define wxSTC_C_COMMENTLINEDOC 15
    #define wxSTC_C_WORD2 16
    #define wxSTC_C_COMMENTDOCKEYWORD 17
    #define wxSTC_C_COMMENTDOCKEYWORDERROR 18
    #define wxSTC_C_GLOBALCLASS 19
    TODO the php, js and asp files should be parsed as embedded hypertext. 
    However currently they show underlined lines if doing so.
    -->
    <colourings>
      <colouring no="0"> fore:black,size:8,face:courier new </colouring>
      <colouring no="1,2,3"> back:#F0F0F0F0,fore:#2277DD,italic,size:8,eol 
      </colouring>
      <colouring no="15,17,18"> back:#F0F0F0F0,fore:#8800DD,italic,size:8,eol 
      </colouring>
      <colouring no="4"> fore:red </colouring>
      <colouring no="5"> bold </colouring>
      <colouring no="6"> fore:blue </colouring>
      <colouring no="7"> fore:pink </colouring>
      <colouring no="9"> fore:grey </colouring>
      <colouring no="10"> fore:brown </colouring>
      <colouring no="16"> italic </colouring>
    </colourings>
  
    <keywords>
    argc:0 argv:0 auto:0 bool:0 break:0 case:0 catch:0 char:0 class:0 const:0
    const_cast:0 continue:0 default:0 delete:0 do:0 double:0 dynamic_cast:0
    else:0 enum:0 envp:0 explicit:0 extern:0 false:0 float:0 for:0 friend:0
    fstream:0 goto:0 if:0 inline:0 int:0 istream:0 istrstream:0 istringstream:0
    long:0 main:0 mutable:0 namespace:0 new:0 operator:0 ostream:0 ostrstream:0
    ostringstream:0 private:0 protected:0 public:0 register:0 reinterpret_cast:0
    return:0 short:0 signed:0 sizeof:0 static:0 static_cast:0 struct:0 switch:0
    template:0 this:0 throw:0 true:0 try:0 typedef:0 typeid:0 typename:0
    union:0 unsigned:0 using:0 virtual:0 void:0 volatile:0 wchar_t:0 while:0 
    wmain:0
    adjacent_find:1 array:1 at:1 back:1 back_insert_iterator:1 begin:1 
    binary_search:1
    bind1st:1 bind2nd:1 bitset:1 capacity:1 clear:1 const_iterator:1 copy:1 
    copy_backward:1
    count:1 count_if:1 deque:1 divides:1 empty:1 end:1 equal:1 equal_range:1 
    equal_to:1
    erase:1 fill:1 fill_n:1 find:1 find_end:1 find_first_of:1 find_if:1 
    for_each:1
    front:1 front_insert_iterator:1 generate:1 generate_n:1 get_allocator:1 
    greater:1
    greater_equal:1 includes:1 inplace_merge:1 insert:1 istream_iterator:1 
    istreambuf_iterator:1 iter_swap:1 iterator:1 less:1 less_equal:1 
    lexicographical_compare:1
    list:1 logical_and:1 logical_not:1 logical_or:1 lower_bound:1 make_heap:1 
    make_pair:1
    map:1 max:1 max_element:1 max_size:1  mem_fun:1 mem_fun_ref:1 merge:1
    min:1 min_element:1 minus:1 mismatch:1 modulus:1 multimap:1 multiplies:1 
    multiset:1
    negate:1 next_permutation:1 not1:1 not2:1 not_equal_to:1 nth_element:1
    ostream_iterator:1 ostreambuf_iterator:1
    partial_sort:1 partial_sort_copy:1 partition:1
    plus:1 pop_back:1 pop_front:1 pop_heap:1 prev_permutation:1 priority_queue:1
    ptr_fun:1 push_back:1 push_front:1 push_heap:1 queue:1
    random_shuffle:1 rbegin:1 remove:1 remove_copy:1 remove_copy_if:1 
    remove_if:1
    rend:1 replace:1 replace_copy:1 replace_copy_if:1 replace_if:1 reserve:1
    reserve_copy:1 resize:1 reverse:1 reverse_iterator:1 rotate:1 rotate_copy:1
    search:1 search_n:1 set:1
    set_difference:1 set_intersection:1 set_symmetric_difference:1 set_union:1
    size:1 sort:1 sort_heap:1 stable_partition:1 stable_sort:1 stack:1 string:1
    swap:1 swap_ranges:1 transform:1 unique:1 unique_copy:1 upper_bound:1 
    valarray:1 vector:1
    </keywords>
  
    <properties>
      <property name="fold"> 1 </property>
      <property name="fold.comment"> 1 </property>
      <property name="fold.compact"> 1 </property>
      <property name="fold.preprocessor"> 0 </property>
    </properties>
    
    <comments begin1="//" begin2="/*" end2="*/" />
  </lexer>
  
  <lexer
    name="pascal"
    extensions="*.pas">
  
    <colourings>
      <colouring no="0"> fore:black,size:10,face:courier new </colouring>
      <colouring no="1,2,3"> back:#F0F0F0F0,fore:#2277DD,italic,size:8,eol 
      </colouring>
      <colouring no="4"> fore:red </colouring>
      <colouring no="5"> bold </colouring>
      <colouring no="6"> fore:blue </colouring>
      <colouring no="7"> fore:pink </colouring>
      <colouring no="10"> fore:brown </colouring>
      <colouring no="16"> italic </colouring>
    </colourings>
  
    <keywords>    
    ABSOLUTE ABSTRACT AND ARRAY AS ASM ASSEMBLER AUTOMATED BEGIN CASE CDECL 
    CLASS CONST
    CONSTRUCTOR CONTAINS DEFAULT DESTRUCTOR DISPID DISPINTERFACE DIV DO DOWNTO 
    DYNAMIC
    ELSE END EXCEPT EXPORT EXPORTS EXTERNAL FAR FILE FINALIZATION FINALLY FOR 
    FORWARD
    FUNCTION GOTO IF IMPLEMENTATION IMPLEMENTS IN INDEX INHERITED INITIALIZATION
    INLINE INTERFACE
    IS LABEL LIBRARY MESSAGE MOD NAME NEAR NIL NODEFAULT NOT OBJECT OF OR OUT 
    OVERLOAD
    OVERRIDE PACKAGE PACKED PASCAL PRIVATE PROCEDURE PROGRAM PROPERTY PROTECTED 
    PUBLIC PUBLISHED RAISE
    READ READONLY RECORD REGISTER REINTRODUCE REPEAT REQUIRES RESIDENT 
    RESOURCESTRING SAFECALL SET
    SHL SHR STDCALL STORED STRING THEN THREADVAR TO TRY TYPE UNIT UNTIL USES VAR
    VIRTUAL
    WHILE WITH WRITE WRITELN WRITEONLY XOR BOOLEAN CHAR INTEGER REAL
    </keywords>
  
    <properties>
      <property name="fold"> 1 </property>
      <property name="fold.comment"> 1 </property>
      <property name="fold.compact"> 1 </property>
    </properties>
    
    <comments begin1="(*" end1="*)" begin2="{" end2="}"/>
  </lexer>
  
  <lexer 
    name="ada"
    extensions="*.a">
    <!--
    #define wxSTC_ADA_DEFAULT 0
    #define wxSTC_ADA_WORD 1
    #define wxSTC_ADA_IDENTIFIER 2
    #define wxSTC_ADA_NUMBER 3
    #define wxSTC_ADA_STRINGEOL 8
    #define wxSTC_ADA_LABEL 9
    #define wxSTC_ADA_COMMENTLINE 10
    #define wxSTC_ADA_ILLEGAL 11
    -->
    
    <colourings>
      <colouring no="0"> fore:black,size:10,face:courier new </colouring>
      <colouring no="1"> bold </colouring>
      <colouring no="3"> fore:red </colouring>
      <colouring no="7"> fore:blue </colouring>
      <colouring no="10"> back:#F0F0F0F0,fore:#2277DD,italic,size:8,eol 
      </colouring>
    </colourings>
    
    <keywords>    
      abort abs abstract accept access ackage aliased all and array at
      begin body case constant declare delay delta digits do else elsif
      end entry exception exit for function generic goto if in interface
      israise limited loop mod new not null of or others out
      overriding pragma private procedure protected range record rem renames 
      requeue return reverse
      select separate subtype synchronized tagged task terminate then type until
      use when while with xor
    </keywords>    
    
    <properties>
      <property name="fold"> 1 </property>
      <property name="fold.comment"> 1 </property>
      <property name="fold.compact"> 1 </property>
      <property name="fold.preprocessor"> 0 </property>
    </properties>

    <comments begin1="--" />
  </lexer>
    
  <lexer
    name="bash"
    extensions="*.bash"> 
    <!--
    #define wxSTC_SH_DEFAULT 0
    #define wxSTC_SH_ERROR 1
    #define wxSTC_SH_COMMENTLINE 2
    #define wxSTC_SH_NUMBER 3
    #define wxSTC_SH_WORD 4
    #define wxSTC_SH_STRING 5
    #define wxSTC_SH_CHARACTER 6
    #define wxSTC_SH_OPERATOR 7
    #define wxSTC_SH_IDENTIFIER 8
    #define wxSTC_SH_SCALAR 9
    #define wxSTC_SH_PARAM 10
    #define wxSTC_SH_BACKTICKS 11
    #define wxSTC_SH_HERE_DELIM 12
    #define wxSTC_SH_HERE_Q 13
     TODO: eol does not work for bash files!
    -->
    <colourings>
      <colouring no="0"> fore:black,size:10,face:courier new </colouring>
      <colouring no="2"> back:#F0F0F0F0,fore:#2277DD,italic,size:8,eol 
      </colouring>
      <colouring no="3"> fore:red </colouring>
      <colouring no="4"> bold </colouring>
      <colouring no="5"> fore:blue </colouring>
      <colouring no="6"> fore:pink </colouring>
      <colouring no="7"> fore:brown </colouring>
    </colourings>
  
    <keywords>    
    alias bg case cd cp diff do done echo elif else esac exit export fg fi find 
    for function
    help history if in jobs kill logout mount pwd rm select set sleep source 
    tail test then
    time ulimit umount umask unalias unset until while
    <!--
     The next keywords are .po keywords. Currently they are
     parsed as bash file, so I have added them here. If po
     becomes known by Scintilla, add them to new keyword file.
    -->
    msgid
    msgstr
    </keywords>

    <properties>
      <property name="fold"> 1 </property>
      <property name="fold.comment"> 1 </property>
      <property name="fold.compact"> 1 </property>
    </properties>
    
    <comments begin1="#" />
  </lexer>
  
  <lexer
    name="asm"
    extensions="*.mac"> 
    <!--
    #define wxSTC_ASM_DEFAULT 0
    #define wxSTC_ASM_COMMENT 1
    #define wxSTC_ASM_NUMBER 2
    #define wxSTC_ASM_STRING 3
    #define wxSTC_ASM_OPERATOR 4
    #define wxSTC_ASM_IDENTIFIER 5
    #define wxSTC_ASM_CPUINSTRUCTION 6
    #define wxSTC_ASM_MATHINSTRUCTION 7
    #define wxSTC_ASM_REGISTER 8
    #define wxSTC_ASM_DIRECTIVE 9
    #define wxSTC_ASM_DIRECTIVEOPERAND 10
    #define wxSTC_ASM_COMMENTBLOCK 11
    #define wxSTC_ASM_CHARACTER 12
    #define wxSTC_ASM_STRINGEOL 13
    #define wxSTC_ASM_EXTINSTRUCTION 14
    -->
    <colourings>
      <colouring no="0"> fore:black,size:10,face:courier new </colouring>
      <colouring no="1"> back:#F0F0F0F0,fore:#2277DD,italic,size:8,eol 
      </colouring>
      <colouring no="2"> fore:red </colouring>
      <colouring no="3"> fore:blue </colouring>
      <colouring no="4"> fore:brown </colouring>
      <colouring no="6"> bold </colouring>
      <colouring no="7"> italic </colouring>
      <colouring no="8"> fore:blue </colouring>
      <colouring no="9"> italic </colouring>
      <colouring no="11"> underline </colouring>
      <colouring no="12"> fore:pink  </colouring>
    </colourings>
  
    <keywords>    
    ADC ADCB ADD ASH ASHC ASL ASLB ASR ASRB BCC BCS BEQ BGE BGT BHI BHIS BIC 
    BICB BIS BISB BIT BITB BLE BLO BLOS BLT
    BMI BNE BPL BPT BR BVC BVS CLR CLRB C CCC CLC CLN CLV CLZ CMP CMPB COM COMB 
    CSM DEC DECB DF DIV EMT HALT INC
    INCB IOT JMP JSR MARK MFPD MFPS MFPT MOV MOVB MTPD MTPI MTPS MUL NEG NEGB 
    NOP RESET ROL ROLB ROR RORB RTI RTS 
    RTT SBC SBCB S SCC SEC SEN SEV SEZ SOB SPL SUB SWAB SXT TRAP TST TSTB 
    TSTSET WAIT WRTLCK XOR
    .ASCII .ASCIZ .ASECT .BLKB .BYTE .CROSS .CSECT .DSABL .ENABL .END .ENDC 
    .EVEN .FLT2 .FLT4 .GLOBL .IDENT .IF 
    .IFF .IFT .IFTF .IIF .INCLUDE .LIBRARY .LIMIT .LIST .NLIST .NOCROSS .ODD 
    .PACKED .PAGE .PSECT .RAD50 .RADIX .REM 
    .RESTORE .SBTTL .TITLE .WEAK .WORD
    MN SO DO PC MS CC SP R1 R2 R3 R4 R5
    </keywords>
  
    <comments begin1=";" />
  </lexer>
  
  <lexer
    name="hypertext"
    extensions="*.htm;*.html">
    <!--
    #define wxSTC_H_DEFAULT 0
    #define wxSTC_H_TAG 1
    #define wxSTC_H_TAGUNKNOWN 2
    #define wxSTC_H_ATTRIBUTE 3
    #define wxSTC_H_ATTRIBUTEUNKNOWN 4
    #define wxSTC_H_NUMBER 5
    #define wxSTC_H_DOUBLESTRING 6
    #define wxSTC_H_SINGLESTRING 7
    #define wxSTC_H_OTHER 8
    #define wxSTC_H_COMMENT 9
    #define wxSTC_H_ENTITY 10
    #define wxSTC_H_TAGEND 11
    #define wxSTC_H_XMLSTART 12
    #define wxSTC_H_XMLEND 13
    #define wxSTC_H_SCRIPT 14
    #define wxSTC_H_ASP 15
    #define wxSTC_H_ASPAT 16
    #define wxSTC_H_CDATA 17
    #define wxSTC_H_QUESTION 18
    #define wxSTC_H_VALUE 19
    #define wxSTC_H_XCCOMMENT 20
    SGML
    #define wxSTC_H_SGML_DEFAULT 21
    #define wxSTC_H_SGML_COMMAND 22
    #define wxSTC_H_SGML_1ST_PARAM 23
    #define wxSTC_H_SGML_DOUBLESTRING 24
    #define wxSTC_H_SGML_SIMPLESTRING 25
    #define wxSTC_H_SGML_ERROR 26
    #define wxSTC_H_SGML_SPECIAL 27
    #define wxSTC_H_SGML_ENTITY 28
    #define wxSTC_H_SGML_COMMENT 29
    #define wxSTC_H_SGML_1ST_PARAM_COMMENT 30
    #define wxSTC_H_SGML_BLOCK_DEFAULT 31
    Embedded Javascript
    #define wxSTC_HJ_START 40
    #define wxSTC_HJ_DEFAULT 41
    #define wxSTC_HJ_COMMENT 42
    #define wxSTC_HJ_COMMENTLINE 43
    #define wxSTC_HJ_COMMENTDOC 44
    #define wxSTC_HJ_NUMBER 45
    #define wxSTC_HJ_WORD 46
    #define wxSTC_HJ_KEYWORD 47
    #define wxSTC_HJ_DOUBLESTRING 48
    #define wxSTC_HJ_SINGLESTRING 49
    #define wxSTC_HJ_SYMBOLS 50
    #define wxSTC_HJ_STRINGEOL 51
    #define wxSTC_HJ_REGEX 52
    ASP Javascript
    #define wxSTC_HJA_START 55
    #define wxSTC_HJA_DEFAULT 56
    #define wxSTC_HJA_COMMENT 57
    #define wxSTC_HJA_COMMENTLINE 58
    #define wxSTC_HJA_COMMENTDOC 59
    #define wxSTC_HJA_NUMBER 60
    #define wxSTC_HJA_WORD 61
    #define wxSTC_HJA_KEYWORD 62
    #define wxSTC_HJA_DOUBLESTRING 63
    #define wxSTC_HJA_SINGLESTRING 64
    #define wxSTC_HJA_SYMBOLS 65
    #define wxSTC_HJA_STRINGEOL 66
    #define wxSTC_HJA_REGEX 67
    // Embedded VBScript
    #define wxSTC_HB_START 70
    #define wxSTC_HB_DEFAULT 71
    #define wxSTC_HB_COMMENTLINE 72
    #define wxSTC_HB_NUMBER 73
    #define wxSTC_HB_WORD 74
    #define wxSTC_HB_STRING 75
    #define wxSTC_HB_IDENTIFIER 76
    #define wxSTC_HB_STRINGEOL 77
    // ASP VBScript
    #define wxSTC_HBA_START 80
    #define wxSTC_HBA_DEFAULT 81
    #define wxSTC_HBA_COMMENTLINE 82
    #define wxSTC_HBA_NUMBER 83
    #define wxSTC_HBA_WORD 84
    #define wxSTC_HBA_STRING 85
    #define wxSTC_HBA_IDENTIFIER 86
    #define wxSTC_HBA_STRINGEOL 87
    // Embedded Python
    #define wxSTC_HP_START 90
    #define wxSTC_HP_DEFAULT 91
    #define wxSTC_HP_COMMENTLINE 92
    #define wxSTC_HP_NUMBER 93
    #define wxSTC_HP_STRING 94
    #define wxSTC_HP_CHARACTER 95
    #define wxSTC_HP_WORD 96
    #define wxSTC_HP_TRIPLE 97
    #define wxSTC_HP_TRIPLEDOUBLE 98
    #define wxSTC_HP_CLASSNAME 99
    #define wxSTC_HP_DEFNAME 100
    #define wxSTC_HP_OPERATOR 101
    #define wxSTC_HP_IDENTIFIER 102
    // PHP
    #define wxSTC_HPHP_COMPLEX_VARIABLE 104
    // ASP Python
    #define wxSTC_HPA_START 105
    #define wxSTC_HPA_DEFAULT 106
    #define wxSTC_HPA_COMMENTLINE 107
    #define wxSTC_HPA_NUMBER 108
    #define wxSTC_HPA_STRING 109
    #define wxSTC_HPA_CHARACTER 110
    #define wxSTC_HPA_WORD 111
    #define wxSTC_HPA_TRIPLE 112
    #define wxSTC_HPA_TRIPLEDOUBLE 113
    #define wxSTC_HPA_CLASSNAME 114
    #define wxSTC_HPA_DEFNAME 115
    #define wxSTC_HPA_OPERATOR 116
    #define wxSTC_HPA_IDENTIFIER 117
    // PHP
    #define wxSTC_HPHP_DEFAULT 118
    #define wxSTC_HPHP_HSTRING 119
    #define wxSTC_HPHP_SIMPLESTRING 120
    #define wxSTC_HPHP_WORD 121
    #define wxSTC_HPHP_NUMBER 122
    #define wxSTC_HPHP_VARIABLE 123
    #define wxSTC_HPHP_COMMENT 124
    #define wxSTC_HPHP_COMMENTLINE 125
    #define wxSTC_HPHP_HSTRING_VARIABLE 126
    #define wxSTC_HPHP_OPERATOR 127
    -->
    <colourings>
      <colouring no="0"> size:10,face:courier new </colouring>
      <colouring no="1"> bold </colouring>
      <colouring no="5"> fore:red </colouring>
      <colouring no="6,7"> fore:blue </colouring>
      <colouring no="9"> back:#F0F0F0F0,fore:#2277DD,italic,size:8,eol 
      </colouring>
      <colouring no="18"> fore:#0000FF,back:#FFEFBF </colouring>
      <colouring no="19"> fore:#FF00FF,back:#FFEFFF </colouring>
      <colouring no="104"> fore:#007F00,italic,back:#FFF8F8 </colouring>
      <colouring no="118"> fore:green,eol </colouring>
      <colouring no="119"> fore:#007F00,back:#FFF8F8 </colouring>
      <colouring no="120"> fore:#009F00,back:#FFF8F8 </colouring>
      <colouring no="121"> fore:#7F007F,italic,back:#FFF8F8 </colouring>
      <colouring no="122"> fore:#CC9900,back:#FFF8F8 </colouring>
      <colouring no="123"> fore:#00007F,italic,back:#FFF8F8 </colouring>
      <colouring no="124,125"> back:#F9F9F9,fore:#2277DD,italic,size:8 
      </colouring>
      <colouring no="126"> fore:#007F00,italic,back:#FFF8F8 </colouring>
      <colouring no="127"> fore:#000000,back:#FFF8F8 </colouring>
    </colourings>
              
    <properties>
      <property name="fold"> 1 </property>
      <property name="fold.html"> 1 </property>
      <property name="fold.compact"> 1 </property>
      <property name="asp.default.language"> 4 </property>
    </properties>
  </lexer>
  
  <lexer
    name="xml"
    extensions="*.xml">
    <!-- See above -->
  
    <colourings>
      <colouring no="0"> fore:black,size:10,face:courier new </colouring>
      <colouring no="1"> bold </colouring>
      <colouring no="5"> fore:red </colouring>
      <colouring no="6"> fore:blue </colouring>
      <colouring no="7"> fore:blue </colouring>
      <colouring no="9"> back:#F0F0F0F0,fore:#2277DD,italic,size:8,eol 
      </colouring>
    </colourings>
    
    <properties>
      <property name="fold"> 1 </property>
      <property name="fold.html"> 1 </property>
      <property name="fold.compact"> 1 </property>
    </properties>
    
    <!-- xml comments cannot be added, but don't need to, 
         they are added in the source -->
  </lexer>
  
  <lexer
    name="sql"
    extensions="*.sql">
    <!--
    #define wxSTC_SQL_DEFAULT 0
    #define wxSTC_SQL_COMMENT 1
    #define wxSTC_SQL_COMMENTLINE 2
    #define wxSTC_SQL_COMMENTDOC 3
    #define wxSTC_SQL_NUMBER 4
    #define wxSTC_SQL_WORD 5
    #define wxSTC_SQL_STRING 6
    #define wxSTC_SQL_CHARACTER 7
    #define wxSTC_SQL_SQLPLUS 8
    #define wxSTC_SQL_SQLPLUS_PROMPT 9
    #define wxSTC_SQL_OPERATOR 10
    #define wxSTC_SQL_IDENTIFIER 11
    #define wxSTC_SQL_SQLPLUS_COMMENT 13
    #define wxSTC_SQL_COMMENTLINEDOC 15
    #define wxSTC_SQL_WORD2 16
    #define wxSTC_SQL_COMMENTDOCKEYWORD 17
    #define wxSTC_SQL_COMMENTDOCKEYWORDERROR 18
    #define wxSTC_SQL_USER1 19
    #define wxSTC_SQL_USER2 20
    #define wxSTC_SQL_USER3 21
    #define wxSTC_SQL_USER4 22
    #define wxSTC_SQL_QUOTEDIDENTIFIER 23
    -->
    <colourings>
      <colouring no="0"> fore:black,size:10,face:courier new </colouring>
      <colouring no="1,2,3"> back:#F0F0F0F0,fore:#2277DD,italic,size:8,eol 
      </colouring>
      <colouring no="4"> fore:red </colouring>
      <colouring no="5"> bold </colouring>
      <colouring no="6"> fore:blue </colouring>
      <colouring no="7"> fore:pink </colouring>
      <colouring no="10"> fore:brown </colouring>
    </colourings>
  
    <keywords>    
    <!-- These ones added manually -->
    auto_increment comment index exists
    <!-- Copied from scite, v1.68. -->
    absolute action add admin after aggregate
    alias all allocate alter and any are array as asc
    assertion at authorization
    before begin binary bit blob boolean both breadth by
    call cascade cascaded case cast catalog char character
    check class clob close collate collation column commit
    completion connect connection constraint constraints
    constructor continue corresponding create cross cube current
    current_date current_path current_role current_time current_timestamp
    current_user cursor cycle
    data date day deallocate dec decimal declare default
    deferrable deferred delete depth deref desc describe descriptor
    destroy destructor deterministic dictionary diagnostics disconnect
    distinct domain double drop dynamic
    each else end end-exec equals escape every except
    exception exec execute external
    false fetch first float for foreign found from free full
    function
    general get global go goto grant group grouping
    having host hour
    identity if ignore immediate in indicator initialize initially
    inner inout input insert int integer intersect interval
    into is isolation iterate
    join
    key
    language large last lateral leading left less level like
    limit local localtime localtimestamp locator
    map match minute modifies modify module month
    names national natural nchar nclob new next no none
    not null numeric
    object of off old on only open operation option
    or order ordinality out outer output
    pad parameter parameters partial path postfix precision prefix
    preorder prepare preserve primary
    prior privileges procedure public
    read reads real recursive ref references referencing relative
    restrict result return returns revoke right
    role rollback rollup routine row rows
    savepoint schema scroll scope search second section select
    sequence session session_user set sets size smallint some| space
    specific specifictype sql sqlexception sqlstate sqlwarning start
    state statement static structure system_user
    table temporary terminate than then time timestamp
    timezone_hour timezone_minute to trailing transaction translation
    treat trigger true
    under union unique unknown
    unnest update usage user using
    value values varchar variable varying view
    when whenever where with without work write
    year
    zone
    </keywords>
    
    <properties>
      <property name="fold"> 1 </property>
      <property name="fold.comment"> 1 </property>
      <property name="fold.compact"> 1 </property>
    </properties>
    
    <comments begin1="--" />
  </lexer>
  
  <lexer
    name="makefile"
    extensions="makefile;makefile.*">  
    <!--
    #define wxSTC_MAKE_DEFAULT 0
    #define wxSTC_MAKE_COMMENT 1
    #define wxSTC_MAKE_PREPROCESSOR 2
    #define wxSTC_MAKE_IDENTIFIER 3
    #define wxSTC_MAKE_OPERATOR 4
    #define wxSTC_MAKE_TARGET 5
    #define wxSTC_MAKE_IDEOL 9
    -->
    <colourings>
      <colouring no="0"> fore:black,size:10,face:courier new </colouring>
      <colouring no="1"> back:#F0F0F0F0,fore:#2277DD,italic,size:8,eol 
      </colouring>
      <colouring no="2"> fore:grey </colouring>
      <colouring no="4"> fore:red </colouring>
      <colouring no="5"> bold </colouring>
      <colouring no="9"> fore:brown </colouring>
    </colourings>
    
    <comments begin1="#" />
  </lexer>
</lexers>
