<?xml version="1.0" ?>
<?xml-stylesheet href="lexers.xsl" type="text/xsl" ?>
<!--
Name:      lexers.xml
Purpose:   Lexers configuration for wxextension.
           See scintilla v2.03 (www.scintilla.org).
Author:    Anton van Wezenbeek
Copyright: (c) 2011, Anton van Wezenbeek
-->

<lexers>
  <macro>
  <!-- 
    These macro's allow you to use text instead of numbers.
    When adding a new macro from stc.h you can use the next regular expression:
    find:    '#define \(.*\) \(.*\)'
    replace: '    <def no ="\1"> \2 </def>'
    -->
    <def no ="wxSTC_MARK_CIRCLE"> 0 </def>
    <def no ="wxSTC_MARK_ROUNDRECT"> 1 </def>
    <def no ="wxSTC_MARK_ARROW"> 2 </def>
    <def no ="wxSTC_MARK_SMALLRECT"> 3 </def>
    <def no ="wxSTC_MARK_SHORTARROW"> 4 </def>
    <def no ="wxSTC_MARK_EMPTY"> 5 </def>
    <def no ="wxSTC_MARK_ARROWDOWN"> 6 </def>
    <def no ="wxSTC_MARK_MINUS"> 7 </def>
    <def no ="wxSTC_MARK_PLUS"> 8 </def>
    <def no ="wxSTC_MARK_VLINE"> 9 </def>
    <def no ="wxSTC_MARK_LCORNER"> 10 </def>
    <def no ="wxSTC_MARK_TCORNER"> 11 </def>
    <def no ="wxSTC_MARK_BOXPLUS"> 12 </def>
    <def no ="wxSTC_MARK_BOXPLUSCONNECTED"> 13 </def>
    <def no ="wxSTC_MARK_BOXMINUS"> 14 </def>
    <def no ="wxSTC_MARK_BOXMINUSCONNECTED"> 15 </def>
    <def no ="wxSTC_MARK_LCORNERCURVE"> 16 </def>
    <def no ="wxSTC_MARK_TCORNERCURVE"> 17 </def>
    <def no ="wxSTC_MARK_CIRCLEPLUS"> 18 </def>
    <def no ="wxSTC_MARK_CIRCLEPLUSCONNECTED"> 19 </def>
    <def no ="wxSTC_MARK_CIRCLEMINUS"> 20 </def>
    <def no ="wxSTC_MARK_CIRCLEMINUSCONNECTED"> 21 </def>
    <def no ="wxSTC_MARK_BACKGROUND"> 22 </def>
    <def no ="wxSTC_MARK_DOTDOTDOT"> 23 </def>
    <def no ="wxSTC_MARK_ARROWS"> 24 </def>
    <def no ="wxSTC_MARK_PIXMAP"> 25 </def>
    <def no ="wxSTC_MARK_FULLRECT"> 26 </def>
    <def no ="wxSTC_MARKNUM_FOLDEREND"> 25 </def>
    <def no ="wxSTC_MARKNUM_FOLDEROPENMID"> 26 </def>
    <def no ="wxSTC_MARKNUM_FOLDERMIDTAIL"> 27 </def>
    <def no ="wxSTC_MARKNUM_FOLDERTAIL"> 28 </def>
    <def no ="wxSTC_MARKNUM_FOLDERSUB"> 29 </def>
    <def no ="wxSTC_MARKNUM_FOLDER"> 30 </def>
    <def no ="wxSTC_MARKNUM_FOLDEROPEN"> 31 </def>
    <def no ="wxSTC_STYLE_DEFAULT"> 32 </def>
    <def no ="wxSTC_STYLE_LINENUMBER"> 33 </def>
    <def no ="wxSTC_STYLE_BRACELIGHT"> 34 </def>
    <def no ="wxSTC_STYLE_BRACEBAD"> 35 </def>
    <def no ="wxSTC_STYLE_CONTROLCHAR"> 36 </def>
    <def no ="wxSTC_STYLE_INDENTGUIDE"> 37 </def>
    <def no ="wxSTC_STYLE_CALLTIP"> 38 </def>
    <def no ="wxSTC_INDIC_PLAIN"> 0 </def>
    <def no ="wxSTC_INDIC_SQUIGGLE"> 1 </def>
    <def no ="wxSTC_INDIC_TT"> 2 </def>
    <def no ="wxSTC_INDIC_DIAGONAL"> 3 </def>
    <def no ="wxSTC_INDIC_STRIKE"> 4 </def>
    <def no ="wxSTC_INDIC_HIDDEN"> 5 </def>
    <def no ="wxSTC_INDIC_BOX"> 6 </def>
    <def no ="wxSTC_INDIC_ROUNDBOX"> 7 </def>
    <def no ="wxSTC_INDIC_CONTAINER"> 8 </def>
    <def no ="wxSTC_IV_NONE"> 0 </def>
    <def no ="wxSTC_IV_REAL"> 1 </def>
    <def no ="wxSTC_IV_LOOKFORWARD"> 2 </def>
    <def no ="wxSTC_IV_LOOKBOTH"> 3 </def>
    <!-- python -->
    <def no ="wxSTC_P_DEFAULT"> 0 </def>
    <def no ="wxSTC_P_COMMENTLINE"> 1 </def>
    <def no ="wxSTC_P_NUMBER"> 2 </def>
    <def no ="wxSTC_P_STRING"> 3 </def>
    <def no ="wxSTC_P_CHARACTER"> 4 </def>
    <def no ="wxSTC_P_WORD"> 5 </def>
    <def no ="wxSTC_P_TRIPLE"> 6 </def>
    <def no ="wxSTC_P_TRIPLEDOUBLE"> 7 </def>
    <def no ="wxSTC_P_CLASSNAME"> 8 </def>
    <def no ="wxSTC_P_DEFNAME"> 9 </def>
    <def no ="wxSTC_P_OPERATOR"> 10 </def>
    <def no ="wxSTC_P_IDENTIFIER"> 11 </def>
    <def no ="wxSTC_P_COMMENTBLOCK"> 12 </def>
    <def no ="wxSTC_P_STRINGEOL"> 13 </def>
    <def no ="wxSTC_P_WORD2"> 14 </def>
    <def no ="wxSTC_P_DECORATOR"> 15 </def>
    <!-- cpp -->
    <def no ="wxSTC_C_DEFAULT"> 0 </def>
    <def no ="wxSTC_C_COMMENT"> 1 </def>
    <def no ="wxSTC_C_COMMENTLINE"> 2 </def>
    <def no ="wxSTC_C_COMMENTDOC"> 3 </def>
    <def no ="wxSTC_C_NUMBER"> 4 </def>
    <def no ="wxSTC_C_WORD"> 5 </def>
    <def no ="wxSTC_C_STRING"> 6 </def>
    <def no ="wxSTC_C_CHARACTER"> 7 </def>
    <def no ="wxSTC_C_UUID"> 8 </def>
    <def no ="wxSTC_C_PREPROCESSOR"> 9 </def>
    <def no ="wxSTC_C_OPERATOR"> 10 </def>
    <def no ="wxSTC_C_IDENTIFIER"> 11 </def>
    <def no ="wxSTC_C_STRINGEOL"> 12 </def>
    <def no ="wxSTC_C_VERBATIM"> 13 </def>
    <def no ="wxSTC_C_REGEX"> 14 </def>
    <def no ="wxSTC_C_COMMENTLINEDOC"> 15 </def>
    <def no ="wxSTC_C_WORD2"> 16 </def>
    <def no ="wxSTC_C_COMMENTDOCKEYWORD"> 17 </def>
    <def no ="wxSTC_C_COMMENTDOCKEYWORDERROR"> 18 </def>
    <def no ="wxSTC_C_GLOBALCLASS"> 19 </def>
    <!-- d -->
    <def no ="wxSTC_D_DEFAULT"> 0 </def>
    <def no ="wxSTC_D_COMMENT"> 1 </def>
    <def no ="wxSTC_D_COMMENTLINE"> 2 </def>
    <def no ="wxSTC_D_COMMENTDOC"> 3 </def>
    <def no ="wxSTC_D_COMMENTNESTED"> 4 </def>
    <def no ="wxSTC_D_NUMBER"> 5 </def>
    <def no ="wxSTC_D_WORD"> 6 </def>
    <def no ="wxSTC_D_WORD2"> 7 </def>
    <def no ="wxSTC_D_WORD3"> 8 </def>
    <def no ="wxSTC_D_TYPEDEF"> 9 </def>
    <def no ="wxSTC_D_STRING"> 10 </def>
    <def no ="wxSTC_D_STRINGEOL"> 11 </def>
    <def no ="wxSTC_D_CHARACTER"> 12 </def>
    <def no ="wxSTC_D_OPERATOR"> 13 </def>
    <def no ="wxSTC_D_IDENTIFIER"> 14 </def>
    <def no ="wxSTC_D_COMMENTLINEDOC"> 15 </def>
    <def no ="wxSTC_D_COMMENTDOCKEYWORD"> 16 </def>
    <def no ="wxSTC_D_COMMENTDOCKEYWORDERROR"> 17 </def>
    <!-- tcl -->
    <def no ="wxSTC_TCL_DEFAULT"> 0 </def>
    <def no ="wxSTC_TCL_COMMENT"> 1 </def>
    <def no ="wxSTC_TCL_COMMENTLINE"> 2 </def>
    <def no ="wxSTC_TCL_NUMBER"> 3 </def>
    <def no ="wxSTC_TCL_WORD_IN_QUOTE"> 4 </def>
    <def no ="wxSTC_TCL_IN_QUOTE"> 5 </def>
    <def no ="wxSTC_TCL_OPERATOR"> 6 </def>
    <def no ="wxSTC_TCL_IDENTIFIER"> 7 </def>
    <def no ="wxSTC_TCL_SUBSTITUTION"> 8 </def>
    <def no ="wxSTC_TCL_SUB_BRACE"> 9 </def>
    <def no ="wxSTC_TCL_MODIFIER"> 10 </def>
    <def no ="wxSTC_TCL_EXPAND"> 11 </def>
    <def no ="wxSTC_TCL_WORD"> 12 </def>
    <def no ="wxSTC_TCL_WORD2"> 13 </def>
    <def no ="wxSTC_TCL_WORD3"> 14 </def>
    <def no ="wxSTC_TCL_WORD4"> 15 </def>
    <def no ="wxSTC_TCL_WORD5"> 16 </def>
    <def no ="wxSTC_TCL_WORD6"> 17 </def>
    <def no ="wxSTC_TCL_WORD7"> 18 </def>
    <def no ="wxSTC_TCL_WORD8"> 19 </def>
    <def no ="wxSTC_TCL_COMMENT_BOX"> 20 </def>
    <def no ="wxSTC_TCL_BLOCK_COMMENT"> 21 </def>
    <!-- hypertext -->
    <def no ="wxSTC_H_DEFAULT"> 0 </def>
    <def no ="wxSTC_H_TAG"> 1 </def>
    <def no ="wxSTC_H_TAGUNKNOWN"> 2 </def>
    <def no ="wxSTC_H_ATTRIBUTE"> 3 </def>
    <def no ="wxSTC_H_ATTRIBUTEUNKNOWN"> 4 </def>
    <def no ="wxSTC_H_NUMBER"> 5 </def>
    <def no ="wxSTC_H_DOUBLESTRING"> 6 </def>
    <def no ="wxSTC_H_SINGLESTRING"> 7 </def>
    <def no ="wxSTC_H_OTHER"> 8 </def>
    <def no ="wxSTC_H_COMMENT"> 9 </def>
    <def no ="wxSTC_H_ENTITY"> 10 </def>
    <def no ="wxSTC_H_TAGEND"> 11 </def>
    <def no ="wxSTC_H_XMLSTART"> 12 </def>
    <def no ="wxSTC_H_XMLEND"> 13 </def>
    <def no ="wxSTC_H_SCRIPT"> 14 </def>
    <def no ="wxSTC_H_ASP"> 15 </def>
    <def no ="wxSTC_H_ASPAT"> 16 </def>
    <def no ="wxSTC_H_CDATA"> 17 </def>
    <def no ="wxSTC_H_QUESTION"> 18 </def>
    <def no ="wxSTC_H_VALUE"> 19 </def>
    <def no ="wxSTC_H_XCCOMMENT"> 20 </def>
    <def no ="wxSTC_H_SGML_DEFAULT"> 21 </def>
    <def no ="wxSTC_H_SGML_COMMAND"> 22 </def>
    <def no ="wxSTC_H_SGML_1ST_PARAM"> 23 </def>
    <def no ="wxSTC_H_SGML_DOUBLESTRING"> 24 </def>
    <def no ="wxSTC_H_SGML_SIMPLESTRING"> 25 </def>
    <def no ="wxSTC_H_SGML_ERROR"> 26 </def>
    <def no ="wxSTC_H_SGML_SPECIAL"> 27 </def>
    <def no ="wxSTC_H_SGML_ENTITY"> 28 </def>
    <def no ="wxSTC_H_SGML_COMMENT"> 29 </def>
    <def no ="wxSTC_H_SGML_1ST_PARAM_COMMENT"> 30 </def>
    <def no ="wxSTC_H_SGML_BLOCK_DEFAULT"> 31 </def>
    <def no ="wxSTC_HJ_START"> 40 </def>
    <def no ="wxSTC_HJ_DEFAULT"> 41 </def>
    <def no ="wxSTC_HJ_COMMENT"> 42 </def>
    <def no ="wxSTC_HJ_COMMENTLINE"> 43 </def>
    <def no ="wxSTC_HJ_COMMENTDOC"> 44 </def>
    <def no ="wxSTC_HJ_NUMBER"> 45 </def>
    <def no ="wxSTC_HJ_WORD"> 46 </def>
    <def no ="wxSTC_HJ_KEYWORD"> 47 </def>
    <def no ="wxSTC_HJ_DOUBLESTRING"> 48 </def>
    <def no ="wxSTC_HJ_SINGLESTRING"> 49 </def>
    <def no ="wxSTC_HJ_SYMBOLS"> 50 </def>
    <def no ="wxSTC_HJ_STRINGEOL"> 51 </def>
    <def no ="wxSTC_HJ_REGEX"> 52 </def>
    <def no ="wxSTC_HJA_START"> 55 </def>
    <def no ="wxSTC_HJA_DEFAULT"> 56 </def>
    <def no ="wxSTC_HJA_COMMENT"> 57 </def>
    <def no ="wxSTC_HJA_COMMENTLINE"> 58 </def>
    <def no ="wxSTC_HJA_COMMENTDOC"> 59 </def>
    <def no ="wxSTC_HJA_NUMBER"> 60 </def>
    <def no ="wxSTC_HJA_WORD"> 61 </def>
    <def no ="wxSTC_HJA_KEYWORD"> 62 </def>
    <def no ="wxSTC_HJA_DOUBLESTRING"> 63 </def>
    <def no ="wxSTC_HJA_SINGLESTRING"> 64 </def>
    <def no ="wxSTC_HJA_SYMBOLS"> 65 </def>
    <def no ="wxSTC_HJA_STRINGEOL"> 66 </def>
    <def no ="wxSTC_HJA_REGEX"> 67 </def>
    <def no ="wxSTC_HB_START"> 70 </def>
    <def no ="wxSTC_HB_DEFAULT"> 71 </def>
    <def no ="wxSTC_HB_COMMENTLINE"> 72 </def>
    <def no ="wxSTC_HB_NUMBER"> 73 </def>
    <def no ="wxSTC_HB_WORD"> 74 </def>
    <def no ="wxSTC_HB_STRING"> 75 </def>
    <def no ="wxSTC_HB_IDENTIFIER"> 76 </def>
    <def no ="wxSTC_HB_STRINGEOL"> 77 </def>
    <def no ="wxSTC_HBA_START"> 80 </def>
    <def no ="wxSTC_HBA_DEFAULT"> 81 </def>
    <def no ="wxSTC_HBA_COMMENTLINE"> 82 </def>
    <def no ="wxSTC_HBA_NUMBER"> 83 </def>
    <def no ="wxSTC_HBA_WORD"> 84 </def>
    <def no ="wxSTC_HBA_STRING"> 85 </def>
    <def no ="wxSTC_HBA_IDENTIFIER"> 86 </def>
    <def no ="wxSTC_HBA_STRINGEOL"> 87 </def>
    <def no ="wxSTC_HP_START"> 90 </def>
    <def no ="wxSTC_HP_DEFAULT"> 91 </def>
    <def no ="wxSTC_HP_COMMENTLINE"> 92 </def>
    <def no ="wxSTC_HP_NUMBER"> 93 </def>
    <def no ="wxSTC_HP_STRING"> 94 </def>
    <def no ="wxSTC_HP_CHARACTER"> 95 </def>
    <def no ="wxSTC_HP_WORD"> 96 </def>
    <def no ="wxSTC_HP_TRIPLE"> 97 </def>
    <def no ="wxSTC_HP_TRIPLEDOUBLE"> 98 </def>
    <def no ="wxSTC_HP_CLASSNAME"> 99 </def>
    <def no ="wxSTC_HP_DEFNAME"> 100 </def>
    <def no ="wxSTC_HP_OPERATOR"> 101 </def>
    <def no ="wxSTC_HP_IDENTIFIER"> 102 </def>
    <def no ="wxSTC_HPHP_COMPLEX_VARIABLE"> 104 </def>
    <def no ="wxSTC_HPA_START"> 105 </def>
    <def no ="wxSTC_HPA_DEFAULT"> 106 </def>
    <def no ="wxSTC_HPA_COMMENTLINE"> 107 </def>
    <def no ="wxSTC_HPA_NUMBER"> 108 </def>
    <def no ="wxSTC_HPA_STRING"> 109 </def>
    <def no ="wxSTC_HPA_CHARACTER"> 110 </def>
    <def no ="wxSTC_HPA_WORD"> 111 </def>
    <def no ="wxSTC_HPA_TRIPLE"> 112 </def>
    <def no ="wxSTC_HPA_TRIPLEDOUBLE"> 113 </def>
    <def no ="wxSTC_HPA_CLASSNAME"> 114 </def>
    <def no ="wxSTC_HPA_DEFNAME"> 115 </def>
    <def no ="wxSTC_HPA_OPERATOR"> 116 </def>
    <def no ="wxSTC_HPA_IDENTIFIER"> 117 </def>
    <def no ="wxSTC_HPHP_DEFAULT"> 118 </def>
    <def no ="wxSTC_HPHP_HSTRING"> 119 </def>
    <def no ="wxSTC_HPHP_SIMPLESTRING"> 120 </def>
    <def no ="wxSTC_HPHP_WORD"> 121 </def>
    <def no ="wxSTC_HPHP_NUMBER"> 122 </def>
    <def no ="wxSTC_HPHP_VARIABLE"> 123 </def>
    <def no ="wxSTC_HPHP_COMMENT"> 124 </def>
    <def no ="wxSTC_HPHP_COMMENTLINE"> 125 </def>
    <def no ="wxSTC_HPHP_HSTRING_VARIABLE"> 126 </def>
    <def no ="wxSTC_HPHP_OPERATOR"> 127 </def>
    <!-- perl -->
    <def no ="wxSTC_PL_DEFAULT"> 0 </def>
    <def no ="wxSTC_PL_ERROR"> 1 </def>
    <def no ="wxSTC_PL_COMMENTLINE"> 2 </def>
    <def no ="wxSTC_PL_POD"> 3 </def>
    <def no ="wxSTC_PL_NUMBER"> 4 </def>
    <def no ="wxSTC_PL_WORD"> 5 </def>
    <def no ="wxSTC_PL_STRING"> 6 </def>
    <def no ="wxSTC_PL_CHARACTER"> 7 </def>
    <def no ="wxSTC_PL_PUNCTUATION"> 8 </def>
    <def no ="wxSTC_PL_PREPROCESSOR"> 9 </def>
    <def no ="wxSTC_PL_OPERATOR"> 10 </def>
    <def no ="wxSTC_PL_IDENTIFIER"> 11 </def>
    <def no ="wxSTC_PL_SCALAR"> 12 </def>
    <def no ="wxSTC_PL_ARRAY"> 13 </def>
    <def no ="wxSTC_PL_HASH"> 14 </def>
    <def no ="wxSTC_PL_SYMBOLTABLE"> 15 </def>
    <def no ="wxSTC_PL_VARIABLE_INDEXER"> 16 </def>
    <def no ="wxSTC_PL_REGEX"> 17 </def>
    <def no ="wxSTC_PL_REGSUBST"> 18 </def>
    <def no ="wxSTC_PL_LONGQUOTE"> 19 </def>
    <def no ="wxSTC_PL_BACKTICKS"> 20 </def>
    <def no ="wxSTC_PL_DATASECTION"> 21 </def>
    <def no ="wxSTC_PL_HERE_DELIM"> 22 </def>
    <def no ="wxSTC_PL_HERE_Q"> 23 </def>
    <def no ="wxSTC_PL_HERE_QQ"> 24 </def>
    <def no ="wxSTC_PL_HERE_QX"> 25 </def>
    <def no ="wxSTC_PL_STRING_Q"> 26 </def>
    <def no ="wxSTC_PL_STRING_QQ"> 27 </def>
    <def no ="wxSTC_PL_STRING_QX"> 28 </def>
    <def no ="wxSTC_PL_STRING_QR"> 29 </def>
    <def no ="wxSTC_PL_STRING_QW"> 30 </def>
    <def no ="wxSTC_PL_POD_VERB"> 31 </def>
    <def no ="wxSTC_PL_SUB_PROTOTYPE"> 40 </def>
    <def no ="wxSTC_PL_FORMAT_IDENT"> 41 </def>
    <def no ="wxSTC_PL_FORMAT"> 42 </def>
    <!-- Lexical states for SCLEX_RUBY -->
    <def no ="wxSTC_RB_DEFAULT"> 0 </def>
    <def no ="wxSTC_RB_ERROR"> 1 </def>
    <def no ="wxSTC_RB_COMMENTLINE"> 2 </def>
    <def no ="wxSTC_RB_POD"> 3 </def>
    <def no ="wxSTC_RB_NUMBER"> 4 </def>
    <def no ="wxSTC_RB_WORD"> 5 </def>
    <def no ="wxSTC_RB_STRING"> 6 </def>
    <def no ="wxSTC_RB_CHARACTER"> 7 </def>
    <def no ="wxSTC_RB_CLASSNAME"> 8 </def>
    <def no ="wxSTC_RB_DEFNAME"> 9 </def>
    <def no ="wxSTC_RB_OPERATOR"> 10 </def>
    <def no ="wxSTC_RB_IDENTIFIER"> 11 </def>
    <def no ="wxSTC_RB_REGEX"> 12 </def>
    <def no ="wxSTC_RB_GLOBAL"> 13 </def>
    <def no ="wxSTC_RB_SYMBOL"> 14 </def>
    <def no ="wxSTC_RB_MODULE_NAME"> 15 </def>
    <def no ="wxSTC_RB_INSTANCE_VAR"> 16 </def>
    <def no ="wxSTC_RB_CLASS_VAR"> 17 </def>
    <def no ="wxSTC_RB_BACKTICKS"> 18 </def>
    <def no ="wxSTC_RB_DATASECTION"> 19 </def>
    <def no ="wxSTC_RB_HERE_DELIM"> 20 </def>
    <def no ="wxSTC_RB_HERE_Q"> 21 </def>
    <def no ="wxSTC_RB_HERE_QQ"> 22 </def>
    <def no ="wxSTC_RB_HERE_QX"> 23 </def>
    <def no ="wxSTC_RB_STRING_Q"> 24 </def>
    <def no ="wxSTC_RB_STRING_QQ"> 25 </def>
    <def no ="wxSTC_RB_STRING_QX"> 26 </def>
    <def no ="wxSTC_RB_STRING_QR"> 27 </def>
    <def no ="wxSTC_RB_STRING_QW"> 28 </def>
    <def no ="wxSTC_RB_WORD_DEMOTED"> 29 </def>
    <def no ="wxSTC_RB_STDIN"> 30 </def>
    <def no ="wxSTC_RB_STDOUT"> 31 </def>
    <def no ="wxSTC_RB_STDERR"> 40 </def>
    <def no ="wxSTC_RB_UPPER_BOUND"> 41 </def>
    <!-- Lexical states for SCLEX_VB, SCLEX_VBSCRIPT, SCLEX_POWERBASIC -->
    <def no ="wxSTC_B_DEFAULT"> 0 </def>
    <def no ="wxSTC_B_COMMENT"> 1 </def>
    <def no ="wxSTC_B_NUMBER"> 2 </def>
    <def no ="wxSTC_B_KEYWORD"> 3 </def>
    <def no ="wxSTC_B_STRING"> 4 </def>
    <def no ="wxSTC_B_PREPROCESSOR"> 5 </def>
    <def no ="wxSTC_B_OPERATOR"> 6 </def>
    <def no ="wxSTC_B_IDENTIFIER"> 7 </def>
    <def no ="wxSTC_B_DATE"> 8 </def>
    <def no ="wxSTC_B_STRINGEOL"> 9 </def>
    <def no ="wxSTC_B_KEYWORD2"> 10 </def>
    <def no ="wxSTC_B_KEYWORD3"> 11 </def>
    <def no ="wxSTC_B_KEYWORD4"> 12 </def>
    <def no ="wxSTC_B_CONSTANT"> 13 </def>
    <def no ="wxSTC_B_ASM"> 14 </def>
    <def no ="wxSTC_B_LABEL"> 15 </def>
    <def no ="wxSTC_B_ERROR"> 16 </def>
    <def no ="wxSTC_B_HEXNUMBER"> 17 </def>
    <def no ="wxSTC_B_BINNUMBER"> 18 </def>
    <!-- Lexical states for SCLEX_PROPERTIES -->
    <def no ="wxSTC_PROPS_DEFAULT"> 0 </def>
    <def no ="wxSTC_PROPS_COMMENT"> 1 </def>
    <def no ="wxSTC_PROPS_SECTION"> 2 </def>
    <def no ="wxSTC_PROPS_ASSIGNMENT"> 3 </def>
    <def no ="wxSTC_PROPS_DEFVAL"> 4 </def>
    <def no ="wxSTC_PROPS_KEY"> 5 </def>
    <!-- Lexical states for SCLEX_LATEX -->
    <def no ="wxSTC_L_DEFAULT"> 0 </def>
    <def no ="wxSTC_L_COMMAND"> 1 </def>
    <def no ="wxSTC_L_TAG"> 2 </def>
    <def no ="wxSTC_L_MATH"> 3 </def>
    <def no ="wxSTC_L_COMMENT"> 4 </def>
    <!-- Lexical states for SCLEX_LUA -->
    <def no ="wxSTC_LUA_DEFAULT"> 0 </def>
    <def no ="wxSTC_LUA_COMMENT"> 1 </def>
    <def no ="wxSTC_LUA_COMMENTLINE"> 2 </def>
    <def no ="wxSTC_LUA_COMMENTDOC"> 3 </def>
    <def no ="wxSTC_LUA_NUMBER"> 4 </def>
    <def no ="wxSTC_LUA_WORD"> 5 </def>
    <def no ="wxSTC_LUA_STRING"> 6 </def>
    <def no ="wxSTC_LUA_CHARACTER"> 7 </def>
    <def no ="wxSTC_LUA_LITERALSTRING"> 8 </def>
    <def no ="wxSTC_LUA_PREPROCESSOR"> 9 </def>
    <def no ="wxSTC_LUA_OPERATOR"> 10 </def>
    <def no ="wxSTC_LUA_IDENTIFIER"> 11 </def>
    <def no ="wxSTC_LUA_STRINGEOL"> 12 </def>
    <def no ="wxSTC_LUA_WORD2"> 13 </def>
    <def no ="wxSTC_LUA_WORD3"> 14 </def>
    <def no ="wxSTC_LUA_WORD4"> 15 </def>
    <def no ="wxSTC_LUA_WORD5"> 16 </def>
    <def no ="wxSTC_LUA_WORD6"> 17 </def>
    <def no ="wxSTC_LUA_WORD7"> 18 </def>
    <def no ="wxSTC_LUA_WORD8"> 19 </def>
    <!-- Lexical states for SCLEX_ERRORLIST -->
    <def no ="wxSTC_ERR_DEFAULT"> 0 </def>
    <def no ="wxSTC_ERR_PYTHON"> 1 </def>
    <def no ="wxSTC_ERR_GCC"> 2 </def>
    <def no ="wxSTC_ERR_MS"> 3 </def>
    <def no ="wxSTC_ERR_CMD"> 4 </def>
    <def no ="wxSTC_ERR_BORLAND"> 5 </def>
    <def no ="wxSTC_ERR_PERL"> 6 </def>
    <def no ="wxSTC_ERR_NET"> 7 </def>
    <def no ="wxSTC_ERR_LUA"> 8 </def>
    <def no ="wxSTC_ERR_CTAG"> 9 </def>
    <def no ="wxSTC_ERR_DIFF_CHANGED"> 10 </def>
    <def no ="wxSTC_ERR_DIFF_ADDITION"> 11 </def>
    <def no ="wxSTC_ERR_DIFF_DELETION"> 12 </def>
    <def no ="wxSTC_ERR_DIFF_MESSAGE"> 13 </def>
    <def no ="wxSTC_ERR_PHP"> 14 </def>
    <def no ="wxSTC_ERR_ELF"> 15 </def>
    <def no ="wxSTC_ERR_IFC"> 16 </def>
    <def no ="wxSTC_ERR_IFORT"> 17 </def>
    <def no ="wxSTC_ERR_ABSF"> 18 </def>
    <def no ="wxSTC_ERR_TIDY"> 19 </def>
    <def no ="wxSTC_ERR_JAVA_STACK"> 20 </def>
    <def no ="wxSTC_ERR_VALUE"> 21 </def>
    <!-- Lexical states for SCLEX_BATCH -->
    <def no ="wxSTC_BAT_DEFAULT"> 0 </def>
    <def no ="wxSTC_BAT_COMMENT"> 1 </def>
    <def no ="wxSTC_BAT_WORD"> 2 </def>
    <def no ="wxSTC_BAT_LABEL"> 3 </def>
    <def no ="wxSTC_BAT_HIDE"> 4 </def>
    <def no ="wxSTC_BAT_COMMAND"> 5 </def>
    <def no ="wxSTC_BAT_IDENTIFIER"> 6 </def>
    <def no ="wxSTC_BAT_OPERATOR"> 7 </def>
    <!-- make -->
    <def no ="wxSTC_MAKE_DEFAULT"> 0 </def>
    <def no ="wxSTC_MAKE_COMMENT"> 1 </def>
    <def no ="wxSTC_MAKE_PREPROCESSOR"> 2 </def>
    <def no ="wxSTC_MAKE_IDENTIFIER"> 3 </def>
    <def no ="wxSTC_MAKE_OPERATOR"> 4 </def>
    <def no ="wxSTC_MAKE_TARGET"> 5 </def>
    <def no ="wxSTC_MAKE_IDEOL"> 9 </def>
    <!-- Lexical states for SCLEX_DIFF -->
    <def no ="wxSTC_DIFF_DEFAULT"> 0 </def>
    <def no ="wxSTC_DIFF_COMMENT"> 1 </def>
    <def no ="wxSTC_DIFF_COMMAND"> 2 </def>
    <def no ="wxSTC_DIFF_HEADER"> 3 </def>
    <def no ="wxSTC_DIFF_POSITION"> 4 </def>
    <def no ="wxSTC_DIFF_DELETED"> 5 </def>
    <def no ="wxSTC_DIFF_ADDED"> 6 </def>
    <def no ="wxSTC_DIFF_CHANGED"> 7 </def>
    <!-- Lexical states for SCLEX_CONF (Apache Configuration Files Lexer) -->
    <def no ="wxSTC_CONF_DEFAULT"> 0 </def>
    <def no ="wxSTC_CONF_COMMENT"> 1 </def>
    <def no ="wxSTC_CONF_NUMBER"> 2 </def>
    <def no ="wxSTC_CONF_IDENTIFIER"> 3 </def>
    <def no ="wxSTC_CONF_EXTENSION"> 4 </def>
    <def no ="wxSTC_CONF_PARAMETER"> 5 </def>
    <def no ="wxSTC_CONF_STRING"> 6 </def>
    <def no ="wxSTC_CONF_OPERATOR"> 7 </def>
    <def no ="wxSTC_CONF_IP"> 8 </def>
    <def no ="wxSTC_CONF_DIRECTIVE"> 9 </def>
    <!-- Lexical states for SCLEX_AVE, Avenue -->
    <def no ="wxSTC_AVE_DEFAULT"> 0 </def>
    <def no ="wxSTC_AVE_COMMENT"> 1 </def>
    <def no ="wxSTC_AVE_NUMBER"> 2 </def>
    <def no ="wxSTC_AVE_WORD"> 3 </def>
    <def no ="wxSTC_AVE_STRING"> 6 </def>
    <def no ="wxSTC_AVE_ENUM"> 7 </def>
    <def no ="wxSTC_AVE_STRINGEOL"> 8 </def>
    <def no ="wxSTC_AVE_IDENTIFIER"> 9 </def>
    <def no ="wxSTC_AVE_OPERATOR"> 10 </def>
    <def no ="wxSTC_AVE_WORD1"> 11 </def>
    <def no ="wxSTC_AVE_WORD2"> 12 </def>
    <def no ="wxSTC_AVE_WORD3"> 13 </def>
    <def no ="wxSTC_AVE_WORD4"> 14 </def>
    <def no ="wxSTC_AVE_WORD5"> 15 </def>
    <def no ="wxSTC_AVE_WORD6"> 16 </def>
    <!-- ada -->
    <def no ="wxSTC_ADA_DEFAULT"> 0 </def>
    <def no ="wxSTC_ADA_WORD"> 1 </def>
    <def no ="wxSTC_ADA_IDENTIFIER"> 2 </def>
    <def no ="wxSTC_ADA_NUMBER"> 3 </def>
    <def no ="wxSTC_ADA_STRINGEOL"> 8 </def>
    <def no ="wxSTC_ADA_LABEL"> 9 </def>
    <def no ="wxSTC_ADA_COMMENTLINE"> 10 </def>
    <def no ="wxSTC_ADA_ILLEGAL"> 11 </def>
    <!-- Lexical states for SCLEX_BAAN -->
    <def no ="wxSTC_BAAN_DEFAULT"> 0 </def>
    <def no ="wxSTC_BAAN_COMMENT"> 1 </def>
    <def no ="wxSTC_BAAN_COMMENTDOC"> 2 </def>
    <def no ="wxSTC_BAAN_NUMBER"> 3 </def>
    <def no ="wxSTC_BAAN_WORD"> 4 </def>
    <def no ="wxSTC_BAAN_STRING"> 5 </def>
    <def no ="wxSTC_BAAN_PREPROCESSOR"> 6 </def>
    <def no ="wxSTC_BAAN_OPERATOR"> 7 </def>
    <def no ="wxSTC_BAAN_IDENTIFIER"> 8 </def>
    <def no ="wxSTC_BAAN_STRINGEOL"> 9 </def>
    <def no ="wxSTC_BAAN_WORD2"> 10 </def>
    <!-- Lexical states for SCLEX_LISP -->
    <def no ="wxSTC_LISP_DEFAULT"> 0 </def>
    <def no ="wxSTC_LISP_COMMENT"> 1 </def>
    <def no ="wxSTC_LISP_NUMBER"> 2 </def>
    <def no ="wxSTC_LISP_KEYWORD"> 3 </def>
    <def no ="wxSTC_LISP_KEYWORD_KW"> 4 </def>
    <def no ="wxSTC_LISP_SYMBOL"> 5 </def>
    <def no ="wxSTC_LISP_STRING"> 6 </def>
    <def no ="wxSTC_LISP_STRINGEOL"> 8 </def>
    <def no ="wxSTC_LISP_IDENTIFIER"> 9 </def>
    <def no ="wxSTC_LISP_OPERATOR"> 10 </def>
    <def no ="wxSTC_LISP_SPECIAL"> 11 </def>
    <def no ="wxSTC_LISP_MULTI_COMMENT"> 12 </def>
    <!-- Lexical states for SCLEX_EIFFEL and SCLEX_EIFFELKW -->
    <def no ="wxSTC_EIFFEL_DEFAULT"> 0 </def>
    <def no ="wxSTC_EIFFEL_COMMENTLINE"> 1 </def>
    <def no ="wxSTC_EIFFEL_NUMBER"> 2 </def>
    <def no ="wxSTC_EIFFEL_WORD"> 3 </def>
    <def no ="wxSTC_EIFFEL_STRING"> 4 </def>
    <def no ="wxSTC_EIFFEL_CHARACTER"> 5 </def>
    <def no ="wxSTC_EIFFEL_OPERATOR"> 6 </def>
    <def no ="wxSTC_EIFFEL_IDENTIFIER"> 7 </def>
    <def no ="wxSTC_EIFFEL_STRINGEOL"> 8 </def>
    <!-- Lexical states for SCLEX_NNCRONTAB (nnCron crontab Lexer) -->
    <def no ="wxSTC_NNCRONTAB_DEFAULT"> 0 </def>
    <def no ="wxSTC_NNCRONTAB_COMMENT"> 1 </def>
    <def no ="wxSTC_NNCRONTAB_TASK"> 2 </def>
    <def no ="wxSTC_NNCRONTAB_SECTION"> 3 </def>
    <def no ="wxSTC_NNCRONTAB_KEYWORD"> 4 </def>
    <def no ="wxSTC_NNCRONTAB_MODIFIER"> 5 </def>
    <def no ="wxSTC_NNCRONTAB_ASTERISK"> 6 </def>
    <def no ="wxSTC_NNCRONTAB_NUMBER"> 7 </def>
    <def no ="wxSTC_NNCRONTAB_STRING"> 8 </def>
    <def no ="wxSTC_NNCRONTAB_ENVIRONMENT"> 9 </def>
    <def no ="wxSTC_NNCRONTAB_IDENTIFIER"> 10 </def>
    <!-- Lexical states for SCLEX_FORTH (Forth Lexer) -->
    <def no ="wxSTC_FORTH_DEFAULT"> 0 </def>
    <def no ="wxSTC_FORTH_COMMENT"> 1 </def>
    <def no ="wxSTC_FORTH_COMMENT_ML"> 2 </def>
    <def no ="wxSTC_FORTH_IDENTIFIER"> 3 </def>
    <def no ="wxSTC_FORTH_CONTROL"> 4 </def>
    <def no ="wxSTC_FORTH_KEYWORD"> 5 </def>
    <def no ="wxSTC_FORTH_DEFWORD"> 6 </def>
    <def no ="wxSTC_FORTH_PREWORD1"> 7 </def>
    <def no ="wxSTC_FORTH_PREWORD2"> 8 </def>
    <def no ="wxSTC_FORTH_NUMBER"> 9 </def>
    <def no ="wxSTC_FORTH_STRING"> 10 </def>
    <def no ="wxSTC_FORTH_LOCALE"> 11 </def>
    <!-- Lexical states for SCLEX_MATLAB -->
    <def no ="wxSTC_MATLAB_DEFAULT"> 0 </def>
    <def no ="wxSTC_MATLAB_COMMENT"> 1 </def>
    <def no ="wxSTC_MATLAB_COMMAND"> 2 </def>
    <def no ="wxSTC_MATLAB_NUMBER"> 3 </def>
    <def no ="wxSTC_MATLAB_KEYWORD"> 4 </def>
    <!-- single quoted STRING -->
    <def no ="wxSTC_MATLAB_STRING"> 5 </def>
    <def no ="wxSTC_MATLAB_OPERATOR"> 6 </def>
    <def no ="wxSTC_MATLAB_IDENTIFIER"> 7 </def>
    <def no ="wxSTC_MATLAB_DOUBLEQUOTESTRING"> 8 </def>
    <!-- Lexical states for SCLEX_SCRIPTOL -->
    <def no ="wxSTC_SCRIPTOL_DEFAULT"> 0 </def>
    <def no ="wxSTC_SCRIPTOL_WHITE"> 1 </def>
    <def no ="wxSTC_SCRIPTOL_COMMENTLINE"> 2 </def>
    <def no ="wxSTC_SCRIPTOL_PERSISTENT"> 3 </def>
    <def no ="wxSTC_SCRIPTOL_CSTYLE"> 4 </def>
    <def no ="wxSTC_SCRIPTOL_COMMENTBLOCK"> 5 </def>
    <def no ="wxSTC_SCRIPTOL_NUMBER"> 6 </def>
    <def no ="wxSTC_SCRIPTOL_STRING"> 7 </def>
    <def no ="wxSTC_SCRIPTOL_CHARACTER"> 8 </def>
    <def no ="wxSTC_SCRIPTOL_STRINGEOL"> 9 </def>
    <def no ="wxSTC_SCRIPTOL_KEYWORD"> 10 </def>
    <def no ="wxSTC_SCRIPTOL_OPERATOR"> 11 </def>
    <def no ="wxSTC_SCRIPTOL_IDENTIFIER"> 12 </def>
    <def no ="wxSTC_SCRIPTOL_TRIPLE"> 13 </def>
    <def no ="wxSTC_SCRIPTOL_CLASSNAME"> 14 </def>
    <def no ="wxSTC_SCRIPTOL_PREPROCESSOR"> 15 </def>
    <!-- asm -->
    <def no ="wxSTC_ASM_DEFAULT"> 0 </def>
    <def no ="wxSTC_ASM_COMMENT"> 1 </def>
    <def no ="wxSTC_ASM_NUMBER"> 2 </def>
    <def no ="wxSTC_ASM_STRING"> 3 </def>
    <def no ="wxSTC_ASM_OPERATOR"> 4 </def>
    <def no ="wxSTC_ASM_IDENTIFIER"> 5 </def>
    <def no ="wxSTC_ASM_CPUINSTRUCTION"> 6 </def>
    <def no ="wxSTC_ASM_MATHINSTRUCTION"> 7 </def>
    <def no ="wxSTC_ASM_REGISTER"> 8 </def>
    <def no ="wxSTC_ASM_DIRECTIVE"> 9 </def>
    <def no ="wxSTC_ASM_DIRECTIVEOPERAND"> 10 </def>
    <def no ="wxSTC_ASM_COMMENTBLOCK"> 11 </def>
    <def no ="wxSTC_ASM_CHARACTER"> 12 </def>
    <def no ="wxSTC_ASM_STRINGEOL"> 13 </def>
    <def no ="wxSTC_ASM_EXTINSTRUCTION"> 14 </def>
    <!-- Lexical states for SCLEX_FORTRAN -->
    <def no ="wxSTC_F_DEFAULT"> 0 </def>
    <def no ="wxSTC_F_COMMENT"> 1 </def>
    <def no ="wxSTC_F_NUMBER"> 2 </def>
    <def no ="wxSTC_F_STRING1"> 3 </def>
    <def no ="wxSTC_F_STRING2"> 4 </def>
    <def no ="wxSTC_F_STRINGEOL"> 5 </def>
    <def no ="wxSTC_F_OPERATOR"> 6 </def>
    <def no ="wxSTC_F_IDENTIFIER"> 7 </def>
    <def no ="wxSTC_F_WORD"> 8 </def>
    <def no ="wxSTC_F_WORD2"> 9 </def>
    <def no ="wxSTC_F_WORD3"> 10 </def>
    <def no ="wxSTC_F_PREPROCESSOR"> 11 </def>
    <def no ="wxSTC_F_OPERATOR2"> 12 </def>
    <def no ="wxSTC_F_LABEL"> 13 </def>
    <def no ="wxSTC_F_CONTINUATION"> 14 </def>
    <!-- Lexical states for SCLEX_CSS -->
    <def no ="wxSTC_CSS_DEFAULT"> 0 </def>
    <def no ="wxSTC_CSS_TAG"> 1 </def>
    <def no ="wxSTC_CSS_CLASS"> 2 </def>
    <def no ="wxSTC_CSS_PSEUDOCLASS"> 3 </def>
    <def no ="wxSTC_CSS_UNKNOWN_PSEUDOCLASS"> 4 </def>
    <def no ="wxSTC_CSS_OPERATOR"> 5 </def>
    <def no ="wxSTC_CSS_IDENTIFIER"> 6 </def>
    <def no ="wxSTC_CSS_UNKNOWN_IDENTIFIER"> 7 </def>
    <def no ="wxSTC_CSS_VALUE"> 8 </def>
    <def no ="wxSTC_CSS_COMMENT"> 9 </def>
    <def no ="wxSTC_CSS_ID"> 10 </def>
    <def no ="wxSTC_CSS_IMPORTANT"> 11 </def>
    <def no ="wxSTC_CSS_DIRECTIVE"> 12 </def>
    <def no ="wxSTC_CSS_DOUBLESTRING"> 13 </def>
    <def no ="wxSTC_CSS_SINGLESTRING"> 14 </def>
    <def no ="wxSTC_CSS_IDENTIFIER2"> 15 </def>
    <def no ="wxSTC_CSS_ATTRIBUTE"> 16 </def>
    <!-- Lexical states for SCLEX_POV -->
    <def no ="wxSTC_POV_DEFAULT"> 0 </def>
    <def no ="wxSTC_POV_COMMENT"> 1 </def>
    <def no ="wxSTC_POV_COMMENTLINE"> 2 </def>
    <def no ="wxSTC_POV_NUMBER"> 3 </def>
    <def no ="wxSTC_POV_OPERATOR"> 4 </def>
    <def no ="wxSTC_POV_IDENTIFIER"> 5 </def>
    <def no ="wxSTC_POV_STRING"> 6 </def>
    <def no ="wxSTC_POV_STRINGEOL"> 7 </def>
    <def no ="wxSTC_POV_DIRECTIVE"> 8 </def>
    <def no ="wxSTC_POV_BADDIRECTIVE"> 9 </def>
    <def no ="wxSTC_POV_WORD2"> 10 </def>
    <def no ="wxSTC_POV_WORD3"> 11 </def>
    <def no ="wxSTC_POV_WORD4"> 12 </def>
    <def no ="wxSTC_POV_WORD5"> 13 </def>
    <def no ="wxSTC_POV_WORD6"> 14 </def>
    <def no ="wxSTC_POV_WORD7"> 15 </def>
    <def no ="wxSTC_POV_WORD8"> 16 </def>
    <!-- Lexical states for SCLEX_LOUT -->
    <def no ="wxSTC_LOUT_DEFAULT"> 0 </def>
    <def no ="wxSTC_LOUT_COMMENT"> 1 </def>
    <def no ="wxSTC_LOUT_NUMBER"> 2 </def>
    <def no ="wxSTC_LOUT_WORD"> 3 </def>
    <def no ="wxSTC_LOUT_WORD2"> 4 </def>
    <def no ="wxSTC_LOUT_WORD3"> 5 </def>
    <def no ="wxSTC_LOUT_WORD4"> 6 </def>
    <def no ="wxSTC_LOUT_STRING"> 7 </def>
    <def no ="wxSTC_LOUT_OPERATOR"> 8 </def>
    <def no ="wxSTC_LOUT_IDENTIFIER"> 9 </def>
    <def no ="wxSTC_LOUT_STRINGEOL"> 10 </def>
    <!-- Lexical states for SCLEX_ESCRIPT -->
    <def no ="wxSTC_ESCRIPT_DEFAULT"> 0 </def>
    <def no ="wxSTC_ESCRIPT_COMMENT"> 1 </def>
    <def no ="wxSTC_ESCRIPT_COMMENTLINE"> 2 </def>
    <def no ="wxSTC_ESCRIPT_COMMENTDOC"> 3 </def>
    <def no ="wxSTC_ESCRIPT_NUMBER"> 4 </def>
    <def no ="wxSTC_ESCRIPT_WORD"> 5 </def>
    <def no ="wxSTC_ESCRIPT_STRING"> 6 </def>
    <def no ="wxSTC_ESCRIPT_OPERATOR"> 7 </def>
    <def no ="wxSTC_ESCRIPT_IDENTIFIER"> 8 </def>
    <def no ="wxSTC_ESCRIPT_BRACE"> 9 </def>
    <def no ="wxSTC_ESCRIPT_WORD2"> 10 </def>
    <def no ="wxSTC_ESCRIPT_WORD3"> 11 </def>
    <!-- Lexical states for SCLEX_PS -->
    <def no ="wxSTC_PS_DEFAULT"> 0 </def>
    <def no ="wxSTC_PS_COMMENT"> 1 </def>
    <def no ="wxSTC_PS_DSC_COMMENT"> 2 </def>
    <def no ="wxSTC_PS_DSC_VALUE"> 3 </def>
    <def no ="wxSTC_PS_NUMBER"> 4 </def>
    <def no ="wxSTC_PS_NAME"> 5 </def>
    <def no ="wxSTC_PS_KEYWORD"> 6 </def>
    <def no ="wxSTC_PS_LITERAL"> 7 </def>
    <def no ="wxSTC_PS_IMMEVAL"> 8 </def>
    <def no ="wxSTC_PS_PAREN_ARRAY"> 9 </def>
    <def no ="wxSTC_PS_PAREN_DICT"> 10 </def>
    <def no ="wxSTC_PS_PAREN_PROC"> 11 </def>
    <def no ="wxSTC_PS_TEXT"> 12 </def>
    <def no ="wxSTC_PS_HEXSTRING"> 13 </def>
    <def no ="wxSTC_PS_BASE85STRING"> 14 </def>
    <def no ="wxSTC_PS_BADSTRINGCHAR"> 15 </def>
    <!-- Lexical states for SCLEX_NSIS -->
    <def no ="wxSTC_NSIS_DEFAULT"> 0 </def>
    <def no ="wxSTC_NSIS_COMMENT"> 1 </def>
    <def no ="wxSTC_NSIS_STRINGDQ"> 2 </def>
    <def no ="wxSTC_NSIS_STRINGLQ"> 3 </def>
    <def no ="wxSTC_NSIS_STRINGRQ"> 4 </def>
    <def no ="wxSTC_NSIS_FUNCTION"> 5 </def>
    <def no ="wxSTC_NSIS_VARIABLE"> 6 </def>
    <def no ="wxSTC_NSIS_LABEL"> 7 </def>
    <def no ="wxSTC_NSIS_USERDEFINED"> 8 </def>
    <def no ="wxSTC_NSIS_SECTIONDEF"> 9 </def>
    <def no ="wxSTC_NSIS_SUBSECTIONDEF"> 10 </def>
    <def no ="wxSTC_NSIS_IFDEFINEDEF"> 11 </def>
    <def no ="wxSTC_NSIS_MACRODEF"> 12 </def>
    <def no ="wxSTC_NSIS_STRINGVAR"> 13 </def>
    <def no ="wxSTC_NSIS_NUMBER"> 14 </def>
    <def no ="wxSTC_NSIS_SECTIONGROUP"> 15 </def>
    <def no ="wxSTC_NSIS_PAGEEX"> 16 </def>
    <def no ="wxSTC_NSIS_FUNCTIONDEF"> 17 </def>
    <def no ="wxSTC_NSIS_COMMENTBOX"> 18 </def>
    <!-- Lexical states for SCLEX_MMIXAL -->
    <def no ="wxSTC_MMIXAL_LEADWS"> 0 </def>
    <def no ="wxSTC_MMIXAL_COMMENT"> 1 </def>
    <def no ="wxSTC_MMIXAL_LABEL"> 2 </def>
    <def no ="wxSTC_MMIXAL_OPCODE"> 3 </def>
    <def no ="wxSTC_MMIXAL_OPCODE_PRE"> 4 </def>
    <def no ="wxSTC_MMIXAL_OPCODE_VALID"> 5 </def>
    <def no ="wxSTC_MMIXAL_OPCODE_UNKNOWN"> 6 </def>
    <def no ="wxSTC_MMIXAL_OPCODE_POST"> 7 </def>
    <def no ="wxSTC_MMIXAL_OPERANDS"> 8 </def>
    <def no ="wxSTC_MMIXAL_NUMBER"> 9 </def>
    <def no ="wxSTC_MMIXAL_REF"> 10 </def>
    <def no ="wxSTC_MMIXAL_CHAR"> 11 </def>
    <def no ="wxSTC_MMIXAL_STRING"> 12 </def>
    <def no ="wxSTC_MMIXAL_REGISTER"> 13 </def>
    <def no ="wxSTC_MMIXAL_HEX"> 14 </def>
    <def no ="wxSTC_MMIXAL_OPERATOR"> 15 </def>
    <def no ="wxSTC_MMIXAL_SYMBOL"> 16 </def>
    <def no ="wxSTC_MMIXAL_INCLUDE"> 17 </def>
    <!-- Lexical states for SCLEX_CLW -->
    <def no ="wxSTC_CLW_DEFAULT"> 0 </def>
    <def no ="wxSTC_CLW_LABEL"> 1 </def>
    <def no ="wxSTC_CLW_COMMENT"> 2 </def>
    <def no ="wxSTC_CLW_STRING"> 3 </def>
    <def no ="wxSTC_CLW_USER_IDENTIFIER"> 4 </def>
    <def no ="wxSTC_CLW_INTEGER_CONSTANT"> 5 </def>
    <def no ="wxSTC_CLW_REAL_CONSTANT"> 6 </def>
    <def no ="wxSTC_CLW_PICTURE_STRING"> 7 </def>
    <def no ="wxSTC_CLW_KEYWORD"> 8 </def>
    <def no ="wxSTC_CLW_COMPILER_DIRECTIVE"> 9 </def>
    <def no ="wxSTC_CLW_RUNTIME_EXPRESSIONS"> 10 </def>
    <def no ="wxSTC_CLW_BUILTIN_PROCEDURES_FUNCTION"> 11 </def>
    <def no ="wxSTC_CLW_STRUCTURE_DATA_TYPE"> 12 </def>
    <def no ="wxSTC_CLW_ATTRIBUTE"> 13 </def>
    <def no ="wxSTC_CLW_STANDARD_EQUATE"> 14 </def>
    <def no ="wxSTC_CLW_ERROR"> 15 </def>
    <def no ="wxSTC_CLW_DEPRECATED"> 16 </def>
    <!-- Lexical states for SCLEX_LOT -->
    <def no ="wxSTC_LOT_DEFAULT"> 0 </def>
    <def no ="wxSTC_LOT_HEADER"> 1 </def>
    <def no ="wxSTC_LOT_BREAK"> 2 </def>
    <def no ="wxSTC_LOT_SET"> 3 </def>
    <def no ="wxSTC_LOT_PASS"> 4 </def>
    <def no ="wxSTC_LOT_FAIL"> 5 </def>
    <def no ="wxSTC_LOT_ABORT"> 6 </def>
    <!-- Lexical states for SCLEX_YAML -->
    <def no ="wxSTC_YAML_DEFAULT"> 0 </def>
    <def no ="wxSTC_YAML_COMMENT"> 1 </def>
    <def no ="wxSTC_YAML_IDENTIFIER"> 2 </def>
    <def no ="wxSTC_YAML_KEYWORD"> 3 </def>
    <def no ="wxSTC_YAML_NUMBER"> 4 </def>
    <def no ="wxSTC_YAML_REFERENCE"> 5 </def>
    <def no ="wxSTC_YAML_DOCUMENT"> 6 </def>
    <def no ="wxSTC_YAML_TEXT"> 7 </def>
    <def no ="wxSTC_YAML_ERROR"> 8 </def>
    <def no ="wxSTC_YAML_OPERATOR"> 9 </def>
    <!-- Lexical states for SCLEX_TEX -->
    <def no ="wxSTC_TEX_DEFAULT"> 0 </def>
    <def no ="wxSTC_TEX_SPECIAL"> 1 </def>
    <def no ="wxSTC_TEX_GROUP"> 2 </def>
    <def no ="wxSTC_TEX_SYMBOL"> 3 </def>
    <def no ="wxSTC_TEX_COMMAND"> 4 </def>
    <def no ="wxSTC_TEX_TEXT"> 5 </def>
    <def no ="wxSTC_METAPOST_DEFAULT"> 0 </def>
    <def no ="wxSTC_METAPOST_SPECIAL"> 1 </def>
    <def no ="wxSTC_METAPOST_GROUP"> 2 </def>
    <def no ="wxSTC_METAPOST_SYMBOL"> 3 </def>
    <def no ="wxSTC_METAPOST_COMMAND"> 4 </def>
    <def no ="wxSTC_METAPOST_TEXT"> 5 </def>
    <def no ="wxSTC_METAPOST_EXTRA"> 6 </def>
    <!-- Lexical states for SCLEX_ERLANG -->
    <def no ="wxSTC_ERLANG_DEFAULT"> 0 </def>
    <def no ="wxSTC_ERLANG_COMMENT"> 1 </def>
    <def no ="wxSTC_ERLANG_VARIABLE"> 2 </def>
    <def no ="wxSTC_ERLANG_NUMBER"> 3 </def>
    <def no ="wxSTC_ERLANG_KEYWORD"> 4 </def>
    <def no ="wxSTC_ERLANG_STRING"> 5 </def>
    <def no ="wxSTC_ERLANG_OPERATOR"> 6 </def>
    <def no ="wxSTC_ERLANG_ATOM"> 7 </def>
    <def no ="wxSTC_ERLANG_FUNCTION_NAME"> 8 </def>
    <def no ="wxSTC_ERLANG_CHARACTER"> 9 </def>
    <def no ="wxSTC_ERLANG_MACRO"> 10 </def>
    <def no ="wxSTC_ERLANG_RECORD"> 11 </def>
    <def no ="wxSTC_ERLANG_SEPARATOR"> 12 </def>
    <def no ="wxSTC_ERLANG_NODE_NAME"> 13 </def>
    <def no ="wxSTC_ERLANG_UNKNOWN"> 31 </def>
    <!-- Lexical states for SCLEX_OCTAVE are identical to MatLab -->
    <!-- Lexical states for SCLEX_MSSQL -->
    <def no ="wxSTC_MSSQL_DEFAULT"> 0 </def>
    <def no ="wxSTC_MSSQL_COMMENT"> 1 </def>
    <def no ="wxSTC_MSSQL_LINE_COMMENT"> 2 </def>
    <def no ="wxSTC_MSSQL_NUMBER"> 3 </def>
    <def no ="wxSTC_MSSQL_STRING"> 4 </def>
    <def no ="wxSTC_MSSQL_OPERATOR"> 5 </def>
    <def no ="wxSTC_MSSQL_IDENTIFIER"> 6 </def>
    <def no ="wxSTC_MSSQL_VARIABLE"> 7 </def>
    <def no ="wxSTC_MSSQL_COLUMN_NAME"> 8 </def>
    <def no ="wxSTC_MSSQL_STATEMENT"> 9 </def>
    <def no ="wxSTC_MSSQL_DATATYPE"> 10 </def>
    <def no ="wxSTC_MSSQL_SYSTABLE"> 11 </def>
    <def no ="wxSTC_MSSQL_GLOBAL_VARIABLE"> 12 </def>
    <def no ="wxSTC_MSSQL_FUNCTION"> 13 </def>
    <def no ="wxSTC_MSSQL_STORED_PROCEDURE"> 14 </def>
    <def no ="wxSTC_MSSQL_DEFAULT_PREF_DATATYPE"> 15 </def>
    <def no ="wxSTC_MSSQL_COLUMN_NAME_2"> 16 </def>
    <!-- Lexical states for SCLEX_VERILOG -->
    <def no ="wxSTC_V_DEFAULT"> 0 </def>
    <def no ="wxSTC_V_COMMENT"> 1 </def>
    <def no ="wxSTC_V_COMMENTLINE"> 2 </def>
    <def no ="wxSTC_V_COMMENTLINEBANG"> 3 </def>
    <def no ="wxSTC_V_NUMBER"> 4 </def>
    <def no ="wxSTC_V_WORD"> 5 </def>
    <def no ="wxSTC_V_STRING"> 6 </def>
    <def no ="wxSTC_V_WORD2"> 7 </def>
    <def no ="wxSTC_V_WORD3"> 8 </def>
    <def no ="wxSTC_V_PREPROCESSOR"> 9 </def>
    <def no ="wxSTC_V_OPERATOR"> 10 </def>
    <def no ="wxSTC_V_IDENTIFIER"> 11 </def>
    <def no ="wxSTC_V_STRINGEOL"> 12 </def>
    <def no ="wxSTC_V_USER"> 19 </def>
    <!-- Lexical states for SCLEX_KIX -->
    <def no ="wxSTC_KIX_DEFAULT"> 0 </def>
    <def no ="wxSTC_KIX_COMMENT"> 1 </def>
    <def no ="wxSTC_KIX_STRING1"> 2 </def>
    <def no ="wxSTC_KIX_STRING2"> 3 </def>
    <def no ="wxSTC_KIX_NUMBER"> 4 </def>
    <def no ="wxSTC_KIX_VAR"> 5 </def>
    <def no ="wxSTC_KIX_MACRO"> 6 </def>
    <def no ="wxSTC_KIX_KEYWORD"> 7 </def>
    <def no ="wxSTC_KIX_FUNCTIONS"> 8 </def>
    <def no ="wxSTC_KIX_OPERATOR"> 9 </def>
    <def no ="wxSTC_KIX_IDENTIFIER"> 31 </def>
    <!-- Lexical states for SCLEX_GUI4CLI -->
    <def no ="wxSTC_GC_DEFAULT"> 0 </def>
    <def no ="wxSTC_GC_COMMENTLINE"> 1 </def>
    <def no ="wxSTC_GC_COMMENTBLOCK"> 2 </def>
    <def no ="wxSTC_GC_GLOBAL"> 3 </def>
    <def no ="wxSTC_GC_EVENT"> 4 </def>
    <def no ="wxSTC_GC_ATTRIBUTE"> 5 </def>
    <def no ="wxSTC_GC_CONTROL"> 6 </def>
    <def no ="wxSTC_GC_COMMAND"> 7 </def>
    <def no ="wxSTC_GC_STRING"> 8 </def>
    <def no ="wxSTC_GC_OPERATOR"> 9 </def>
    <!-- Lexical states for SCLEX_SPECMAN -->
    <def no ="wxSTC_SN_DEFAULT"> 0 </def>
    <def no ="wxSTC_SN_CODE"> 1 </def>
    <def no ="wxSTC_SN_COMMENTLINE"> 2 </def>
    <def no ="wxSTC_SN_COMMENTLINEBANG"> 3 </def>
    <def no ="wxSTC_SN_NUMBER"> 4 </def>
    <def no ="wxSTC_SN_WORD"> 5 </def>
    <def no ="wxSTC_SN_STRING"> 6 </def>
    <def no ="wxSTC_SN_WORD2"> 7 </def>
    <def no ="wxSTC_SN_WORD3"> 8 </def>
    <def no ="wxSTC_SN_PREPROCESSOR"> 9 </def>
    <def no ="wxSTC_SN_OPERATOR"> 10 </def>
    <def no ="wxSTC_SN_IDENTIFIER"> 11 </def>
    <def no ="wxSTC_SN_STRINGEOL"> 12 </def>
    <def no ="wxSTC_SN_REGEXTAG"> 13 </def>
    <def no ="wxSTC_SN_SIGNAL"> 14 </def>
    <def no ="wxSTC_SN_USER"> 19 </def>
    <!-- Lexical states for SCLEX_AU3 -->
    <def no ="wxSTC_AU3_DEFAULT"> 0 </def>
    <def no ="wxSTC_AU3_COMMENT"> 1 </def>
    <def no ="wxSTC_AU3_COMMENTBLOCK"> 2 </def>
    <def no ="wxSTC_AU3_NUMBER"> 3 </def>
    <def no ="wxSTC_AU3_FUNCTION"> 4 </def>
    <def no ="wxSTC_AU3_KEYWORD"> 5 </def>
    <def no ="wxSTC_AU3_MACRO"> 6 </def>
    <def no ="wxSTC_AU3_STRING"> 7 </def>
    <def no ="wxSTC_AU3_OPERATOR"> 8 </def>
    <def no ="wxSTC_AU3_VARIABLE"> 9 </def>
    <def no ="wxSTC_AU3_SENT"> 10 </def>
    <def no ="wxSTC_AU3_PREPROCESSOR"> 11 </def>
    <def no ="wxSTC_AU3_SPECIAL"> 12 </def>
    <def no ="wxSTC_AU3_EXPAND"> 13 </def>
    <def no ="wxSTC_AU3_COMOBJ"> 14 </def>
    <def no ="wxSTC_AU3_UDF"> 15 </def>
    <!-- Lexical states for SCLEX_APDL -->
    <def no ="wxSTC_APDL_DEFAULT"> 0 </def>
    <def no ="wxSTC_APDL_COMMENT"> 1 </def>
    <def no ="wxSTC_APDL_COMMENTBLOCK"> 2 </def>
    <def no ="wxSTC_APDL_NUMBER"> 3 </def>
    <def no ="wxSTC_APDL_STRING"> 4 </def>
    <def no ="wxSTC_APDL_OPERATOR"> 5 </def>
    <def no ="wxSTC_APDL_WORD"> 6 </def>
    <def no ="wxSTC_APDL_PROCESSOR"> 7 </def>
    <def no ="wxSTC_APDL_COMMAND"> 8 </def>
    <def no ="wxSTC_APDL_SLASHCOMMAND"> 9 </def>
    <def no ="wxSTC_APDL_STARCOMMAND"> 10 </def>
    <def no ="wxSTC_APDL_ARGUMENT"> 11 </def>
    <def no ="wxSTC_APDL_FUNCTION"> 12 </def>
    <!-- Lexical states for SCLEX_SQL -->
    <def no ="wxSTC_SQL_DEFAULT"> 0 </def>
    <def no ="wxSTC_SQL_COMMENT"> 1 </def>
    <def no ="wxSTC_SQL_COMMENTLINE"> 2 </def>
    <def no ="wxSTC_SQL_COMMENTDOC"> 3 </def>
    <def no ="wxSTC_SQL_NUMBER"> 4 </def>
    <def no ="wxSTC_SQL_WORD"> 5 </def>
    <def no ="wxSTC_SQL_STRING"> 6 </def>
    <def no ="wxSTC_SQL_CHARACTER"> 7 </def>
    <def no ="wxSTC_SQL_SQLPLUS"> 8 </def>
    <def no ="wxSTC_SQL_SQLPLUS_PROMPT"> 9 </def>
    <def no ="wxSTC_SQL_OPERATOR"> 10 </def>
    <def no ="wxSTC_SQL_IDENTIFIER"> 11 </def>
    <def no ="wxSTC_SQL_SQLPLUS_COMMENT"> 13 </def>
    <def no ="wxSTC_SQL_COMMENTLINEDOC"> 15 </def>
    <def no ="wxSTC_SQL_WORD2"> 16 </def>
    <def no ="wxSTC_SQL_COMMENTDOCKEYWORD"> 17 </def>
    <def no ="wxSTC_SQL_COMMENTDOCKEYWORDERROR"> 18 </def>
    <def no ="wxSTC_SQL_USER1"> 19 </def>
    <def no ="wxSTC_SQL_USER2"> 20 </def>
    <def no ="wxSTC_SQL_USER3"> 21 </def>
    <def no ="wxSTC_SQL_USER4"> 22 </def>
    <def no ="wxSTC_SQL_QUOTEDIDENTIFIER"> 23 </def>
    <!-- bash -->
    <def no ="wxSTC_SH_DEFAULT"> 0 </def>
    <def no ="wxSTC_SH_ERROR"> 1 </def>
    <def no ="wxSTC_SH_COMMENTLINE"> 2 </def>
    <def no ="wxSTC_SH_NUMBER"> 3 </def>
    <def no ="wxSTC_SH_WORD"> 4 </def>
    <def no ="wxSTC_SH_STRING"> 5 </def>
    <def no ="wxSTC_SH_CHARACTER"> 6 </def>
    <def no ="wxSTC_SH_OPERATOR"> 7 </def>
    <def no ="wxSTC_SH_IDENTIFIER"> 8 </def>
    <def no ="wxSTC_SH_SCALAR"> 9 </def>
    <def no ="wxSTC_SH_PARAM"> 10 </def>
    <def no ="wxSTC_SH_BACKTICKS"> 11 </def>
    <def no ="wxSTC_SH_HERE_DELIM"> 12 </def>
    <def no ="wxSTC_SH_HERE_Q"> 13 </def>
    <!-- Lexical states for SCLEX_ASN1 -->
    <def no ="wxSTC_ASN1_DEFAULT"> 0 </def>
    <def no ="wxSTC_ASN1_COMMENT"> 1 </def>
    <def no ="wxSTC_ASN1_IDENTIFIER"> 2 </def>
    <def no ="wxSTC_ASN1_STRING"> 3 </def>
    <def no ="wxSTC_ASN1_OID"> 4 </def>
    <def no ="wxSTC_ASN1_SCALAR"> 5 </def>
    <def no ="wxSTC_ASN1_KEYWORD"> 6 </def>
    <def no ="wxSTC_ASN1_ATTRIBUTE"> 7 </def>
    <def no ="wxSTC_ASN1_DESCRIPTOR"> 8 </def>
    <def no ="wxSTC_ASN1_TYPE"> 9 </def>
    <def no ="wxSTC_ASN1_OPERATOR"> 10 </def>
    <!-- Lexical states for SCLEX_VHDL -->
    <def no ="wxSTC_VHDL_DEFAULT"> 0 </def>
    <def no ="wxSTC_VHDL_COMMENT"> 1 </def>
    <def no ="wxSTC_VHDL_COMMENTLINEBANG"> 2 </def>
    <def no ="wxSTC_VHDL_NUMBER"> 3 </def>
    <def no ="wxSTC_VHDL_STRING"> 4 </def>
    <def no ="wxSTC_VHDL_OPERATOR"> 5 </def>
    <def no ="wxSTC_VHDL_IDENTIFIER"> 6 </def>
    <def no ="wxSTC_VHDL_STRINGEOL"> 7 </def>
    <def no ="wxSTC_VHDL_KEYWORD"> 8 </def>
    <def no ="wxSTC_VHDL_STDOPERATOR"> 9 </def>
    <def no ="wxSTC_VHDL_ATTRIBUTE"> 10 </def>
    <def no ="wxSTC_VHDL_STDFUNCTION"> 11 </def>
    <def no ="wxSTC_VHDL_STDPACKAGE"> 12 </def>
    <def no ="wxSTC_VHDL_STDTYPE"> 13 </def>
    <def no ="wxSTC_VHDL_USERWORD"> 14 </def>
    <!-- Lexical states for SCLEX_CAML -->
    <def no ="wxSTC_CAML_DEFAULT"> 0 </def>
    <def no ="wxSTC_CAML_IDENTIFIER"> 1 </def>
    <def no ="wxSTC_CAML_TAGNAME"> 2 </def>
    <def no ="wxSTC_CAML_KEYWORD"> 3 </def>
    <def no ="wxSTC_CAML_KEYWORD2"> 4 </def>
    <def no ="wxSTC_CAML_KEYWORD3"> 5 </def>
    <def no ="wxSTC_CAML_LINENUM"> 6 </def>
    <def no ="wxSTC_CAML_OPERATOR"> 7 </def>
    <def no ="wxSTC_CAML_NUMBER"> 8 </def>
    <def no ="wxSTC_CAML_CHAR"> 9 </def>
    <def no ="wxSTC_CAML_STRING"> 11 </def>
    <def no ="wxSTC_CAML_COMMENT"> 12 </def>
    <def no ="wxSTC_CAML_COMMENT1"> 13 </def>
    <def no ="wxSTC_CAML_COMMENT2"> 14 </def>
    <def no ="wxSTC_CAML_COMMENT3"> 15 </def>
    <!-- Lexical states for SCLEX_HASKELL -->
    <def no ="wxSTC_HA_DEFAULT"> 0 </def>
    <def no ="wxSTC_HA_IDENTIFIER"> 1 </def>
    <def no ="wxSTC_HA_KEYWORD"> 2 </def>
    <def no ="wxSTC_HA_NUMBER"> 3 </def>
    <def no ="wxSTC_HA_STRING"> 4 </def>
    <def no ="wxSTC_HA_CHARACTER"> 5 </def>
    <def no ="wxSTC_HA_CLASS"> 6 </def>
    <def no ="wxSTC_HA_MODULE"> 7 </def>
    <def no ="wxSTC_HA_CAPITAL"> 8 </def>
    <def no ="wxSTC_HA_DATA"> 9 </def>
    <def no ="wxSTC_HA_IMPORT"> 10 </def>
    <def no ="wxSTC_HA_OPERATOR"> 11 </def>
    <def no ="wxSTC_HA_INSTANCE"> 12 </def>
    <def no ="wxSTC_HA_COMMENTLINE"> 13 </def>
    <def no ="wxSTC_HA_COMMENTBLOCK"> 14 </def>
    <def no ="wxSTC_HA_COMMENTBLOCK2"> 15 </def>
    <def no ="wxSTC_HA_COMMENTBLOCK3"> 16 </def>
    <!-- Lexical states of SCLEX_TADS3 -->
    <def no ="wxSTC_T3_DEFAULT"> 0 </def>
    <def no ="wxSTC_T3_X_DEFAULT"> 1 </def>
    <def no ="wxSTC_T3_PREPROCESSOR"> 2 </def>
    <def no ="wxSTC_T3_BLOCK_COMMENT"> 3 </def>
    <def no ="wxSTC_T3_LINE_COMMENT"> 4 </def>
    <def no ="wxSTC_T3_OPERATOR"> 5 </def>
    <def no ="wxSTC_T3_KEYWORD"> 6 </def>
    <def no ="wxSTC_T3_NUMBER"> 7 </def>
    <def no ="wxSTC_T3_IDENTIFIER"> 8 </def>
    <def no ="wxSTC_T3_S_STRING"> 9 </def>
    <def no ="wxSTC_T3_D_STRING"> 10 </def>
    <def no ="wxSTC_T3_X_STRING"> 11 </def>
    <def no ="wxSTC_T3_LIB_DIRECTIVE"> 12 </def>
    <def no ="wxSTC_T3_MSG_PARAM"> 13 </def>
    <def no ="wxSTC_T3_HTML_TAG"> 14 </def>
    <def no ="wxSTC_T3_HTML_DEFAULT"> 15 </def>
    <def no ="wxSTC_T3_HTML_STRING"> 16 </def>
    <def no ="wxSTC_T3_USER1"> 17 </def>
    <def no ="wxSTC_T3_USER2"> 18 </def>
    <def no ="wxSTC_T3_USER3"> 19 </def>
    <def no ="wxSTC_T3_BRACE"> 20 </def>
    <!-- Lexical states for SCLEX_REBOL -->
    <def no ="wxSTC_REBOL_DEFAULT"> 0 </def>
    <def no ="wxSTC_REBOL_COMMENTLINE"> 1 </def>
    <def no ="wxSTC_REBOL_COMMENTBLOCK"> 2 </def>
    <def no ="wxSTC_REBOL_PREFACE"> 3 </def>
    <def no ="wxSTC_REBOL_OPERATOR"> 4 </def>
    <def no ="wxSTC_REBOL_CHARACTER"> 5 </def>
    <def no ="wxSTC_REBOL_QUOTEDSTRING"> 6 </def>
    <def no ="wxSTC_REBOL_BRACEDSTRING"> 7 </def>
    <def no ="wxSTC_REBOL_NUMBER"> 8 </def>
    <def no ="wxSTC_REBOL_PAIR"> 9 </def>
    <def no ="wxSTC_REBOL_TUPLE"> 10 </def>
    <def no ="wxSTC_REBOL_BINARY"> 11 </def>
    <def no ="wxSTC_REBOL_MONEY"> 12 </def>
    <def no ="wxSTC_REBOL_ISSUE"> 13 </def>
    <def no ="wxSTC_REBOL_TAG"> 14 </def>
    <def no ="wxSTC_REBOL_FILE"> 15 </def>
    <def no ="wxSTC_REBOL_EMAIL"> 16 </def>
    <def no ="wxSTC_REBOL_URL"> 17 </def>
    <def no ="wxSTC_REBOL_DATE"> 18 </def>
    <def no ="wxSTC_REBOL_TIME"> 19 </def>
    <def no ="wxSTC_REBOL_IDENTIFIER"> 20 </def>
    <def no ="wxSTC_REBOL_WORD"> 21 </def>
    <def no ="wxSTC_REBOL_WORD2"> 22 </def>
    <def no ="wxSTC_REBOL_WORD3"> 23 </def>
    <def no ="wxSTC_REBOL_WORD4"> 24 </def>
    <def no ="wxSTC_REBOL_WORD5"> 25 </def>
    <def no ="wxSTC_REBOL_WORD6"> 26 </def>
    <def no ="wxSTC_REBOL_WORD7"> 27 </def>
    <def no ="wxSTC_REBOL_WORD8"> 28 </def>
    <!-- Lexical states for SCLEX_SMALLTALK -->
    <def no ="wxSTC_ST_DEFAULT"> 0 </def>
    <def no ="wxSTC_ST_STRING"> 1 </def>
    <def no ="wxSTC_ST_NUMBER"> 2 </def>
    <def no ="wxSTC_ST_COMMENT"> 3 </def>
    <def no ="wxSTC_ST_SYMBOL"> 4 </def>
    <def no ="wxSTC_ST_BINARY"> 5 </def>
    <def no ="wxSTC_ST_BOOL"> 6 </def>
    <def no ="wxSTC_ST_SELF"> 7 </def>
    <def no ="wxSTC_ST_SUPER"> 8 </def>
    <def no ="wxSTC_ST_NIL"> 9 </def>
    <def no ="wxSTC_ST_GLOBAL"> 10 </def>
    <def no ="wxSTC_ST_RETURN"> 11 </def>
    <def no ="wxSTC_ST_SPECIAL"> 12 </def>
    <def no ="wxSTC_ST_KWSEND"> 13 </def>
    <def no ="wxSTC_ST_ASSIGN"> 14 </def>
    <def no ="wxSTC_ST_CHARACTER"> 15 </def>
    <def no ="wxSTC_ST_SPEC_SEL"> 16 </def>
    <!-- Lexical states for SCLEX_FLAGSHIP (clipper) -->
    <def no ="wxSTC_FS_DEFAULT"> 0 </def>
    <def no ="wxSTC_FS_COMMENT"> 1 </def>
    <def no ="wxSTC_FS_COMMENTLINE"> 2 </def>
    <def no ="wxSTC_FS_COMMENTDOC"> 3 </def>
    <def no ="wxSTC_FS_COMMENTLINEDOC"> 4 </def>
    <def no ="wxSTC_FS_COMMENTDOCKEYWORD"> 5 </def>
    <def no ="wxSTC_FS_COMMENTDOCKEYWORDERROR"> 6 </def>
    <def no ="wxSTC_FS_KEYWORD"> 7 </def>
    <def no ="wxSTC_FS_KEYWORD2"> 8 </def>
    <def no ="wxSTC_FS_KEYWORD3"> 9 </def>
    <def no ="wxSTC_FS_KEYWORD4"> 10 </def>
    <def no ="wxSTC_FS_NUMBER"> 11 </def>
    <def no ="wxSTC_FS_STRING"> 12 </def>
    <def no ="wxSTC_FS_PREPROCESSOR"> 13 </def>
    <def no ="wxSTC_FS_OPERATOR"> 14 </def>
    <def no ="wxSTC_FS_IDENTIFIER"> 15 </def>
    <def no ="wxSTC_FS_DATE"> 16 </def>
    <def no ="wxSTC_FS_STRINGEOL"> 17 </def>
    <def no ="wxSTC_FS_CONSTANT"> 18 </def>
    <def no ="wxSTC_FS_ASM"> 19 </def>
    <def no ="wxSTC_FS_LABEL"> 20 </def>
    <def no ="wxSTC_FS_ERROR"> 21 </def>
    <def no ="wxSTC_FS_HEXNUMBER"> 22 </def>
    <def no ="wxSTC_FS_BINNUMBER"> 23 </def>
    <!-- Lexical states for SCLEX_CSOUND -->
    <def no ="wxSTC_CSOUND_DEFAULT"> 0 </def>
    <def no ="wxSTC_CSOUND_COMMENT"> 1 </def>
    <def no ="wxSTC_CSOUND_NUMBER"> 2 </def>
    <def no ="wxSTC_CSOUND_OPERATOR"> 3 </def>
    <def no ="wxSTC_CSOUND_INSTR"> 4 </def>
    <def no ="wxSTC_CSOUND_IDENTIFIER"> 5 </def>
    <def no ="wxSTC_CSOUND_OPCODE"> 6 </def>
    <def no ="wxSTC_CSOUND_HEADERSTMT"> 7 </def>
    <def no ="wxSTC_CSOUND_USERKEYWORD"> 8 </def>
    <def no ="wxSTC_CSOUND_COMMENTBLOCK"> 9 </def>
    <def no ="wxSTC_CSOUND_PARAM"> 10 </def>
    <def no ="wxSTC_CSOUND_ARATE_VAR"> 11 </def>
    <def no ="wxSTC_CSOUND_KRATE_VAR"> 12 </def>
    <def no ="wxSTC_CSOUND_IRATE_VAR"> 13 </def>
    <def no ="wxSTC_CSOUND_GLOBAL_VAR"> 14 </def>
    <def no ="wxSTC_CSOUND_STRINGEOL"> 15 </def>
    <!-- Lexical states for SCLEX_INNOSETUP -->
    <def no ="wxSTC_INNO_DEFAULT"> 0 </def>
    <def no ="wxSTC_INNO_COMMENT"> 1 </def>
    <def no ="wxSTC_INNO_KEYWORD"> 2 </def>
    <def no ="wxSTC_INNO_PARAMETER"> 3 </def>
    <def no ="wxSTC_INNO_SECTION"> 4 </def>
    <def no ="wxSTC_INNO_PREPROC"> 5 </def>
    <def no ="wxSTC_INNO_PREPROC_INLINE"> 6 </def>
    <def no ="wxSTC_INNO_COMMENT_PASCAL"> 7 </def>
    <def no ="wxSTC_INNO_KEYWORD_PASCAL"> 8 </def>
    <def no ="wxSTC_INNO_KEYWORD_USER"> 9 </def>
    <def no ="wxSTC_INNO_STRING_DOUBLE"> 10 </def>
    <def no ="wxSTC_INNO_STRING_SINGLE"> 11 </def>
    <def no ="wxSTC_INNO_IDENTIFIER"> 12 </def>
    <!-- Lexical states for SCLEX_OPAL -->
    <def no ="wxSTC_OPAL_SPACE"> 0 </def>
    <def no ="wxSTC_OPAL_COMMENT_BLOCK"> 1 </def>
    <def no ="wxSTC_OPAL_COMMENT_LINE"> 2 </def>
    <def no ="wxSTC_OPAL_INTEGER"> 3 </def>
    <def no ="wxSTC_OPAL_KEYWORD"> 4 </def>
    <def no ="wxSTC_OPAL_SORT"> 5 </def>
    <def no ="wxSTC_OPAL_STRING"> 6 </def>
    <def no ="wxSTC_OPAL_PAR"> 7 </def>
    <def no ="wxSTC_OPAL_BOOL_CONST"> 8 </def>
    <def no ="wxSTC_OPAL_DEFAULT"> 32 </def>
    <!-- Lexical states for SCLEX_SPICE -->
    <def no ="wxSTC_SPICE_DEFAULT"> 0 </def>
    <def no ="wxSTC_SPICE_IDENTIFIER"> 1 </def>
    <def no ="wxSTC_SPICE_KEYWORD"> 2 </def>
    <def no ="wxSTC_SPICE_KEYWORD2"> 3 </def>
    <def no ="wxSTC_SPICE_KEYWORD3"> 4 </def>
    <def no ="wxSTC_SPICE_NUMBER"> 5 </def>
    <def no ="wxSTC_SPICE_DELIMITER"> 6 </def>
    <def no ="wxSTC_SPICE_VALUE"> 7 </def>
    <def no ="wxSTC_SPICE_COMMENTLINE"> 8 </def>
    <!-- Lexical states for SCLEX_CMAKE -->
    <def no ="wxSTC_CMAKE_DEFAULT"> 0 </def>
    <def no ="wxSTC_CMAKE_COMMENT"> 1 </def>
    <def no ="wxSTC_CMAKE_STRINGDQ"> 2 </def>
    <def no ="wxSTC_CMAKE_STRINGLQ"> 3 </def>
    <def no ="wxSTC_CMAKE_STRINGRQ"> 4 </def>
    <def no ="wxSTC_CMAKE_COMMANDS"> 5 </def>
    <def no ="wxSTC_CMAKE_PARAMETERS"> 6 </def>
    <def no ="wxSTC_CMAKE_VARIABLE"> 7 </def>
    <def no ="wxSTC_CMAKE_USERDEFINED"> 8 </def>
    <def no ="wxSTC_CMAKE_WHILEDEF"> 9 </def>
    <def no ="wxSTC_CMAKE_FOREACHDEF"> 10 </def>
    <def no ="wxSTC_CMAKE_IFDEFINEDEF"> 11 </def>
    <def no ="wxSTC_CMAKE_MACRODEF"> 12 </def>
    <def no ="wxSTC_CMAKE_STRINGVAR"> 13 </def>
    <def no ="wxSTC_CMAKE_NUMBER"> 14 </def>
    <!-- Lexical states for SCLEX_GAP -->
    <def no ="wxSTC_GAP_DEFAULT"> 0 </def>
    <def no ="wxSTC_GAP_IDENTIFIER"> 1 </def>
    <def no ="wxSTC_GAP_KEYWORD"> 2 </def>
    <def no ="wxSTC_GAP_KEYWORD2"> 3 </def>
    <def no ="wxSTC_GAP_KEYWORD3"> 4 </def>
    <def no ="wxSTC_GAP_KEYWORD4"> 5 </def>
    <def no ="wxSTC_GAP_STRING"> 6 </def>
    <def no ="wxSTC_GAP_CHAR"> 7 </def>
    <def no ="wxSTC_GAP_OPERATOR"> 8 </def>
    <def no ="wxSTC_GAP_COMMENT"> 9 </def>
    <def no ="wxSTC_GAP_NUMBER"> 10 </def>
    <def no ="wxSTC_GAP_STRINGEOL"> 11 </def>
    <!-- Lexical state for SCLEX_PLM -->
    <def no ="wxSTC_PLM_DEFAULT"> 0 </def>
    <def no ="wxSTC_PLM_COMMENT"> 1 </def>
    <def no ="wxSTC_PLM_STRING"> 2 </def>
    <def no ="wxSTC_PLM_NUMBER"> 3 </def>
    <def no ="wxSTC_PLM_IDENTIFIER"> 4 </def>
    <def no ="wxSTC_PLM_OPERATOR"> 5 </def>
    <def no ="wxSTC_PLM_CONTROL"> 6 </def>
    <def no ="wxSTC_PLM_KEYWORD"> 7 </def>
    <!-- Lexical state for SCLEX_PROGRESS -->
    <def no ="wxSTC_4GL_DEFAULT"> 0 </def>
    <def no ="wxSTC_4GL_NUMBER"> 1 </def>
    <def no ="wxSTC_4GL_WORD"> 2 </def>
    <def no ="wxSTC_4GL_STRING"> 3 </def>
    <def no ="wxSTC_4GL_CHARACTER"> 4 </def>
    <def no ="wxSTC_4GL_PREPROCESSOR"> 5 </def>
    <def no ="wxSTC_4GL_OPERATOR"> 6 </def>
    <def no ="wxSTC_4GL_IDENTIFIER"> 7 </def>
    <def no ="wxSTC_4GL_BLOCK"> 8 </def>
    <def no ="wxSTC_4GL_END"> 9 </def>
    <def no ="wxSTC_4GL_COMMENT1"> 10 </def>
    <def no ="wxSTC_4GL_COMMENT2"> 11 </def>
    <def no ="wxSTC_4GL_COMMENT3"> 12 </def>
    <def no ="wxSTC_4GL_COMMENT4"> 13 </def>
    <def no ="wxSTC_4GL_COMMENT5"> 14 </def>
    <def no ="wxSTC_4GL_COMMENT6"> 15 </def>
    <def no ="wxSTC_4GL_DEFAULT_"> 16 </def>
    <def no ="wxSTC_4GL_NUMBER_"> 17 </def>
    <def no ="wxSTC_4GL_WORD_"> 18 </def>
    <def no ="wxSTC_4GL_STRING_"> 19 </def>
    <def no ="wxSTC_4GL_CHARACTER_"> 20 </def>
    <def no ="wxSTC_4GL_PREPROCESSOR_"> 21 </def>
    <def no ="wxSTC_4GL_OPERATOR_"> 22 </def>
    <def no ="wxSTC_4GL_IDENTIFIER_"> 23 </def>
    <def no ="wxSTC_4GL_BLOCK_"> 24 </def>
    <def no ="wxSTC_4GL_END_"> 25 </def>
    <def no ="wxSTC_4GL_COMMENT1_"> 26 </def>
    <def no ="wxSTC_4GL_COMMENT2_"> 27 </def>
    <def no ="wxSTC_4GL_COMMENT3_"> 28 </def>
    <def no ="wxSTC_4GL_COMMENT4_"> 29 </def>
    <def no ="wxSTC_4GL_COMMENT5_"> 30 </def>
    <def no ="wxSTC_4GL_COMMENT6_"> 31 </def>
    <!-- Lexical states for SCLEX_ABAQUS -->
    <def no ="wxSTC_ABAQUS_DEFAULT"> 0 </def>
    <def no ="wxSTC_ABAQUS_COMMENT"> 1 </def>
    <def no ="wxSTC_ABAQUS_COMMENTBLOCK"> 2 </def>
    <def no ="wxSTC_ABAQUS_NUMBER"> 3 </def>
    <def no ="wxSTC_ABAQUS_STRING"> 4 </def>
    <def no ="wxSTC_ABAQUS_OPERATOR"> 5 </def>
    <def no ="wxSTC_ABAQUS_WORD"> 6 </def>
    <def no ="wxSTC_ABAQUS_PROCESSOR"> 7 </def>
    <def no ="wxSTC_ABAQUS_COMMAND"> 8 </def>
    <def no ="wxSTC_ABAQUS_SLASHCOMMAND"> 9 </def>
    <def no ="wxSTC_ABAQUS_STARCOMMAND"> 10 </def>
    <def no ="wxSTC_ABAQUS_ARGUMENT"> 11 </def>
    <def no ="wxSTC_ABAQUS_FUNCTION"> 12 </def>
    <!-- Lexical states for SCLEX_ASYMPTOTE -->
    <def no ="wxSTC_ASY_DEFAULT"> 0 </def>
    <def no ="wxSTC_ASY_COMMENT"> 1 </def>
    <def no ="wxSTC_ASY_COMMENTLINE"> 2 </def>
    <def no ="wxSTC_ASY_NUMBER"> 3 </def>
    <def no ="wxSTC_ASY_WORD"> 4 </def>
    <def no ="wxSTC_ASY_STRING"> 5 </def>
    <def no ="wxSTC_ASY_CHARACTER"> 6 </def>
    <def no ="wxSTC_ASY_OPERATOR"> 7 </def>
    <def no ="wxSTC_ASY_IDENTIFIER"> 8 </def>
    <def no ="wxSTC_ASY_STRINGEOL"> 9 </def>
    <def no ="wxSTC_ASY_COMMENTLINEDOC"> 10 </def>
    <def no ="wxSTC_ASY_WORD2"> 11 </def>
    <!-- Lexical states for SCLEX_R -->
    <def no ="wxSTC_R_DEFAULT"> 0 </def>
    <def no ="wxSTC_R_COMMENT"> 1 </def>
    <def no ="wxSTC_R_KWORD"> 2 </def>
    <def no ="wxSTC_R_BASEKWORD"> 3 </def>
    <def no ="wxSTC_R_OTHERKWORD"> 4 </def>
    <def no ="wxSTC_R_NUMBER"> 5 </def>
    <def no ="wxSTC_R_STRING"> 6 </def>
    <def no ="wxSTC_R_STRING2"> 7 </def>
    <def no ="wxSTC_R_OPERATOR"> 8 </def>
    <def no ="wxSTC_R_IDENTIFIER"> 9 </def>
    <def no ="wxSTC_R_INFIX"> 10 </def>
    <def no ="wxSTC_R_INFIXEOL"> 11 </def>
    <!-- Lexical state for SCLEX_MAGIKSF -->
    <def no ="wxSTC_MAGIK_DEFAULT"> 0 </def>
    <def no ="wxSTC_MAGIK_COMMENT"> 1 </def>
    <def no ="wxSTC_MAGIK_HYPER_COMMENT"> 16 </def>
    <def no ="wxSTC_MAGIK_STRING"> 2 </def>
    <def no ="wxSTC_MAGIK_CHARACTER"> 3 </def>
    <def no ="wxSTC_MAGIK_NUMBER"> 4 </def>
    <def no ="wxSTC_MAGIK_IDENTIFIER"> 5 </def>
    <def no ="wxSTC_MAGIK_OPERATOR"> 6 </def>
    <def no ="wxSTC_MAGIK_FLOW"> 7 </def>
    <def no ="wxSTC_MAGIK_CONTAINER"> 8 </def>
    <def no ="wxSTC_MAGIK_BRACKET_BLOCK"> 9 </def>
    <def no ="wxSTC_MAGIK_BRACE_BLOCK"> 10 </def>
    <def no ="wxSTC_MAGIK_SQBRACKET_BLOCK"> 11 </def>
    <def no ="wxSTC_MAGIK_UNKNOWN_KEYWORD"> 12 </def>
    <def no ="wxSTC_MAGIK_KEYWORD"> 13 </def>
    <def no ="wxSTC_MAGIK_PRAGMA"> 14 </def>
    <def no ="wxSTC_MAGIK_SYMBOL"> 15 </def>
    <!-- Lexical state for SCLEX_POWERSHELL -->
    <def no ="wxSTC_POWERSHELL_DEFAULT"> 0 </def>
    <def no ="wxSTC_POWERSHELL_COMMENT"> 1 </def>
    <def no ="wxSTC_POWERSHELL_STRING"> 2 </def>
    <def no ="wxSTC_POWERSHELL_CHARACTER"> 3 </def>
    <def no ="wxSTC_POWERSHELL_NUMBER"> 4 </def>
    <def no ="wxSTC_POWERSHELL_VARIABLE"> 5 </def>
    <def no ="wxSTC_POWERSHELL_OPERATOR"> 6 </def>
    <def no ="wxSTC_POWERSHELL_IDENTIFIER"> 7 </def>
    <def no ="wxSTC_POWERSHELL_KEYWORD"> 8 </def>
    <def no ="wxSTC_POWERSHELL_CMDLET"> 9 </def>
    <def no ="wxSTC_POWERSHELL_ALIAS"> 10 </def>
    <!-- Lexical state for SCLEX_MYSQL -->
    <def no ="wxSTC_MYSQL_DEFAULT"> 0 </def>
    <def no ="wxSTC_MYSQL_COMMENT"> 1 </def>
    <def no ="wxSTC_MYSQL_COMMENTLINE"> 2 </def>
    <def no ="wxSTC_MYSQL_VARIABLE"> 3 </def>
    <def no ="wxSTC_MYSQL_SYSTEMVARIABLE"> 4 </def>
    <def no ="wxSTC_MYSQL_KNOWNSYSTEMVARIABLE"> 5 </def>
    <def no ="wxSTC_MYSQL_NUMBER"> 6 </def>
    <def no ="wxSTC_MYSQL_MAJORKEYWORD"> 7 </def>
    <def no ="wxSTC_MYSQL_KEYWORD"> 8 </def>
    <def no ="wxSTC_MYSQL_DATABASEOBJECT"> 9 </def>
    <def no ="wxSTC_MYSQL_PROCEDUREKEYWORD"> 10 </def>
    <def no ="wxSTC_MYSQL_STRING"> 11 </def>
    <def no ="wxSTC_MYSQL_SQSTRING"> 12 </def>
    <def no ="wxSTC_MYSQL_DQSTRING"> 13 </def>
    <def no ="wxSTC_MYSQL_OPERATOR"> 14 </def>
    <def no ="wxSTC_MYSQL_FUNCTION"> 15 </def>
    <def no ="wxSTC_MYSQL_IDENTIFIER"> 16 </def>
    <def no ="wxSTC_MYSQL_QUOTEDIDENTIFIER"> 17 </def>
    <def no ="wxSTC_MYSQL_USER1"> 18 </def>
    <def no ="wxSTC_MYSQL_USER2"> 19 </def>
    <def no ="wxSTC_MYSQL_USER3"> 20 </def>
    <def no ="wxSTC_MYSQL_HIDDENCOMMAND"> 21 </def>
    <!-- Lexical state for SCLEX_PO -->
    <def no ="wxSTC_PO_DEFAULT"> 0 </def>
    <def no ="wxSTC_PO_COMMENT"> 1 </def>
    <def no ="wxSTC_PO_MSGID"> 2 </def>
    <def no ="wxSTC_PO_MSGID_TEXT"> 3 </def>
    <def no ="wxSTC_PO_MSGSTR"> 4 </def>
    <def no ="wxSTC_PO_MSGSTR_TEXT"> 5 </def>
    <def no ="wxSTC_PO_MSGCTXT"> 6 </def>
    <def no ="wxSTC_PO_MSGCTXT_TEXT"> 7 </def>
    <def no ="wxSTC_PO_FUZZY"> 8 </def>
    <!-- Lexical states for SCLEX_PASCAL -->
    <def no ="wxSTC_PAS_DEFAULT"> 0 </def>
    <def no ="wxSTC_PAS_IDENTIFIER"> 1 </def>
    <def no ="wxSTC_PAS_COMMENT"> 2 </def>
    <def no ="wxSTC_PAS_COMMENT2"> 3 </def>
    <def no ="wxSTC_PAS_COMMENTLINE"> 4 </def>
    <def no ="wxSTC_PAS_PREPROCESSOR"> 5 </def>
    <def no ="wxSTC_PAS_PREPROCESSOR2"> 6 </def>
    <def no ="wxSTC_PAS_NUMBER"> 7 </def>
    <def no ="wxSTC_PAS_HEXNUMBER"> 8 </def>
    <def no ="wxSTC_PAS_WORD"> 9 </def>
    <def no ="wxSTC_PAS_STRING"> 10 </def>
    <def no ="wxSTC_PAS_STRINGEOL"> 11 </def>
    <def no ="wxSTC_PAS_CHARACTER"> 12 </def>
    <def no ="wxSTC_PAS_OPERATOR"> 13 </def>
    <def no ="wxSTC_PAS_ASM"> 14 </def>
    <!-- Lexical state for SCLEX_SORCUS -->
    <def no ="wxSTC_SORCUS_DEFAULT"> 0 </def>
    <def no ="wxSTC_SORCUS_COMMAND"> 1 </def>
    <def no ="wxSTC_SORCUS_PARAMETER"> 2 </def>
    <def no ="wxSTC_SORCUS_COMMENTLINE"> 3 </def>
    <def no ="wxSTC_SORCUS_STRING"> 4 </def>
    <def no ="wxSTC_SORCUS_STRINGEOL"> 5 </def>
    <def no ="wxSTC_SORCUS_IDENTIFIER"> 6 </def>
    <def no ="wxSTC_SORCUS_OPERATOR"> 7 </def>
    <def no ="wxSTC_SORCUS_NUMBER"> 8 </def>
    <def no ="wxSTC_SORCUS_CONSTANT"> 9 </def>
    <!-- Lexical state for SCLEX_POWERPRO -->
    <def no ="wxSTC_POWERPRO_DEFAULT"> 0 </def>
    <def no ="wxSTC_POWERPRO_COMMENTBLOCK"> 1 </def>
    <def no ="wxSTC_POWERPRO_COMMENTLINE"> 2 </def>
    <def no ="wxSTC_POWERPRO_NUMBER"> 3 </def>
    <def no ="wxSTC_POWERPRO_WORD"> 4 </def>
    <def no ="wxSTC_POWERPRO_WORD2"> 5 </def>
    <def no ="wxSTC_POWERPRO_WORD3"> 6 </def>
    <def no ="wxSTC_POWERPRO_WORD4"> 7 </def>
    <def no ="wxSTC_POWERPRO_DOUBLEQUOTEDSTRING"> 8 </def>
    <def no ="wxSTC_POWERPRO_SINGLEQUOTEDSTRING"> 9 </def>
    <def no ="wxSTC_POWERPRO_LINECONTINUE"> 10 </def>
    <def no ="wxSTC_POWERPRO_OPERATOR"> 11 </def>
    <def no ="wxSTC_POWERPRO_IDENTIFIER"> 12 </def>
    <def no ="wxSTC_POWERPRO_STRINGEOL"> 13 </def>
    <def no ="wxSTC_POWERPRO_VERBATIM"> 14 </def>
    <def no ="wxSTC_POWERPRO_ALTQUOTE"> 15 </def>
    <def no ="wxSTC_POWERPRO_FUNCTION"> 16 </def>
    <!-- Lexical states for SCLEX_SML -->
    <def no ="wxSTC_SML_DEFAULT"> 0 </def>
    <def no ="wxSTC_SML_IDENTIFIER"> 1 </def>
    <def no ="wxSTC_SML_TAGNAME"> 2 </def>
    <def no ="wxSTC_SML_KEYWORD"> 3 </def>
    <def no ="wxSTC_SML_KEYWORD2"> 4 </def>
    <def no ="wxSTC_SML_KEYWORD3"> 5 </def>
    <def no ="wxSTC_SML_LINENUM"> 6 </def>
    <def no ="wxSTC_SML_OPERATOR"> 7 </def>
    <def no ="wxSTC_SML_NUMBER"> 8 </def>
    <def no ="wxSTC_SML_CHAR"> 9 </def>
    <def no ="wxSTC_SML_STRING"> 11 </def>
    <def no ="wxSTC_SML_COMMENT"> 12 </def>
    <def no ="wxSTC_SML_COMMENT1"> 13 </def>
    <def no ="wxSTC_SML_COMMENT2"> 14 </def>
    <def no ="wxSTC_SML_COMMENT3"> 15 </def>
    <!-- Lexical state for SCLEX_MARKDOWN -->
    <def no ="wxSTC_MARKDOWN_DEFAULT"> 0 </def>
    <def no ="wxSTC_MARKDOWN_LINE_BEGIN"> 1 </def>
    <def no ="wxSTC_MARKDOWN_STRONG1"> 2 </def>
    <def no ="wxSTC_MARKDOWN_STRONG2"> 3 </def>
    <def no ="wxSTC_MARKDOWN_EM1"> 4 </def>
    <def no ="wxSTC_MARKDOWN_EM2"> 5 </def>
    <def no ="wxSTC_MARKDOWN_HEADER1"> 6 </def>
    <def no ="wxSTC_MARKDOWN_HEADER2"> 7 </def>
    <def no ="wxSTC_MARKDOWN_HEADER3"> 8 </def>
    <def no ="wxSTC_MARKDOWN_HEADER4"> 9 </def>
    <def no ="wxSTC_MARKDOWN_HEADER5"> 10 </def>
    <def no ="wxSTC_MARKDOWN_HEADER6"> 11 </def>
    <def no ="wxSTC_MARKDOWN_PRECHAR"> 12 </def>
    <def no ="wxSTC_MARKDOWN_ULIST_ITEM"> 13 </def>
    <def no ="wxSTC_MARKDOWN_OLIST_ITEM"> 14 </def>
    <def no ="wxSTC_MARKDOWN_BLOCKQUOTE"> 15 </def>
    <def no ="wxSTC_MARKDOWN_STRIKEOUT"> 16 </def>
    <def no ="wxSTC_MARKDOWN_HRULE"> 17 </def>
    <def no ="wxSTC_MARKDOWN_LINK"> 18 </def>
    <def no ="wxSTC_MARKDOWN_CODE"> 19 </def>
    <def no ="wxSTC_MARKDOWN_CODE2"> 20 </def>
    <def no ="wxSTC_MARKDOWN_CODEBK"> 21 </def>
    
    <!-- Macro's for wxextension vi mode -->
    <def no ="wxEx_MARKNUM_CHANGE"> 1 </def>
    <def no ="wxEx_MARKNUM_VI"> 0 </def>
    
    <!-- These are the themes, including style macro's and colours. -->
    <themes>
      <!-- The studio theme, resembles Visual Studio -->
      <theme name = "studio">
        <def style ="styledefault"> face:courier new,size:10,back:white,fore:black </def>
        <def style ="bracelight"> back:yellow,fore:black</def>
        <def style ="folder"> light blue </def>
        <def style ="_PROCESSOR"> fore:dark grey </def>
        <def style ="ATTRIBUTE"> fore:steel blue </def>
        <def style ="CHAR"> fore:pink </def>
        <def style ="COMMAND"> fore:steel blue </def>
        <def style ="COMMENT"> fore:forest green,italic,eol </def>
        <def style ="ERROR"> fore:red,italic,eol </def>
        <def style ="IDENTIFIER"> fore:black</def>
        <def style ="NUMBER"> fore:red </def>
        <def style ="OPERATOR"> fore:brown </def>
        <def style ="PREPROCESSOR"> fore:grey </def>
        <def style ="STRING"> fore:blue </def>
        <def style ="TAG"> fore:dark slate blue </def>
        <def style ="VARIABLE"> fore:violet </def>
        <def style ="WORD"> fore:dark turquoise </def>
        
        <colour name="caretforeground"> black </colour>
        <colour name="caretlinebackground"> green </colour>
        <colour name="edge"> blue </colour>
        <colour name="selforeground"> white </colour>
        <colour name="selbackground"> green </colour>
      </theme>
      
      <!-- The ubuntu theme, uses same background as ubuntu -->
      <theme name = "ubuntu">
        <def style ="styledefault"> default-font,back:#2C001E,fore:white </def>
        <def style ="bracelight"> back:yellow,fore:black</def>
        <def style ="folder"> light blue </def>
        <def style ="_PROCESSOR"> fore:dark grey </def>
        <def style ="ATTRIBUTE"> fore:steel blue </def>
        <def style ="CHAR"> fore:pink </def>
        <def style ="COMMAND"> fore:steel blue </def>
        <def style ="COMMENT"> fore:forest green,italic,eol </def>
        <def style ="ERROR"> fore:red,italic,eol </def>
        <def style ="IDENTIFIER"> fore:white</def>
        <def style ="NUMBER"> fore:red </def>
        <def style ="OPERATOR"> fore:white </def>
        <def style ="PREPROCESSOR"> fore:grey </def>
        <def style ="STRING"> fore:red </def>
        <def style ="TAG"> fore:light blue </def>
        <def style ="VARIABLE"> fore:violet </def>
        <def style ="WORD"> fore:dark turquoise </def>
        
        <colour name="caretforeground"> white</colour>
        <colour name="caretlinebackground"> green </colour>
        <colour name="edge"> white </colour>
        <colour name="selforeground"> black</colour>
        <colour name="selbackground"> green </colour>
      </theme>
      
      <!-- The torte theme, resembles vi torte -->
      <theme name = "torte">
        <def style ="styledefault"> default-font,back:black,fore:#BBBBBB </def>
        <def style ="bracelight"> back:blue,fore:white</def>
        <def style ="folder"> light blue </def>
        <def style ="_PROCESSOR"> fore:dark grey </def>
        <def style ="ATTRIBUTE"> fore:green </def>
        <def style ="CHAR"> fore:pink </def>
        <def style ="COMMAND"> fore:steel blue </def>
        <def style ="COMMENT"> fore:#80a0ff,italic,eol </def>
        <def style ="ERROR"> fore:red,italic,eol </def>
        <def style ="IDENTIFIER"> fore:white</def>
        <def style ="NUMBER"> fore:red </def>
        <def style ="OPERATOR"> fore:white </def>
        <def style ="PREPROCESSOR"> fore:grey </def>
        <def style ="STRING"> fore:#FFAB8F </def>
        <def style ="TAG"> fore:cadet blue </def>
        <def style ="VARIABLE"> fore:violet </def>
        <def style ="WORD"> fore:yellow </def>
        
        <colour name="caretforeground"> white </colour>
        <colour name="caretlinebackground"> green </colour>
        <colour name="edge"> white </colour>
        <colour name="selforeground"> black </colour>
        <colour name="selbackground"> grey </colour>
      </theme>
	  
      <!-- The xcode theme, resembles OSX Xcode -->
      <theme name = "xcode">
        <def style ="styledefault"> face:courier new,size:12,back:white,fore:black </def>
        <def style ="bracelight"> back:yellow,fore:black</def>
        <def style ="folder"> black </def>
        <def style ="_PROCESSOR"> fore:dark grey </def>
        <def style ="ATTRIBUTE"> fore:steel blue </def>
        <def style ="CHAR"> fore:pink </def>
        <def style ="COMMAND"> fore:steel blue </def>
        <def style ="COMMENT"> fore:forest green,italic,eol </def>
        <def style ="ERROR"> fore:red,italic,eol </def>
        <def style ="IDENTIFIER"> fore:black</def>
        <def style ="NUMBER"> fore:red </def>
        <def style ="OPERATOR"> fore:brown </def>
        <def style ="PREPROCESSOR"> fore:grey </def>
        <def style ="STRING"> fore:blue </def>
        <def style ="TAG"> fore:dark slate blue </def>
        <def style ="VARIABLE"> fore:violet </def>
        <def style ="WORD"> fore:dark turquoise </def>
        
        <colour name="caretforeground"> black </colour>
        <colour name="caretlinebackground"> green </colour>
        <colour name="edge"> blue </colour>
        <colour name="selforeground"> white </colour>
        <colour name="selbackground"> green </colour>
      </theme>
    </themes>
  </macro>
  
  <global>
  <!--
   At this moment <style>, <indicator>, <marker>, <hex> and <properties> 
   attributes are supported.  
   The marker element has a 'no' ATTRIBUTE and its value contains the next fields:
   <marker symbol NUMBER><','><foreground colour><','><background colour>
   -->
    <marker no="wxSTC_MARKNUM_FOLDEREND"> wxSTC_MARK_PLUS,folder </marker>
    <marker no="wxSTC_MARKNUM_FOLDEROPENMID"> wxSTC_MARK_MINUS,folder </marker>
    <marker no="wxSTC_MARKNUM_FOLDERMIDTAIL"> wxSTC_MARK_TCORNERCURVE,folder,folder</marker>
    <marker no="wxSTC_MARKNUM_FOLDERTAIL"> wxSTC_MARK_LCORNERCURVE,folder,folder </marker>
    <marker no="wxSTC_MARKNUM_FOLDERSUB"> wxSTC_MARK_VLINE,folder,folder</marker>
    <marker no="wxSTC_MARKNUM_FOLDER"> wxSTC_MARK_PLUS,folder </marker>
    <marker no="wxSTC_MARKNUM_FOLDEROPEN"> wxSTC_MARK_MINUS,folder </marker>
    
    <marker no="wxEx_MARKNUM_CHANGE">wxSTC_MARK_FULLRECT,green,light blue</marker>
    <marker no="wxEx_MARKNUM_VI"> wxSTC_MARK_CIRCLE,blue,light blue </marker>
    
    <!-- this style is applied before all other styles -->
    <style no="wxSTC_STYLE_DEFAULT"> styledefault </style>
    
    <style no="wxSTC_STYLE_BRACELIGHT"> bracelight </style>
    <hex no="wxSTC_STYLE_BRACELIGHT"> back:red </hex>
    
    <properties>
      <property name="fold"> 1 </property>
      <property name="fold.comment"> 1 </property>
      <property name="fold.compact"> 1 </property>
      <property name="fold.preprocessor"> 0 </property>
    </properties>
  </global>
  
  <!--
   Each <lexer> has a name atribute (scintilla lexer). 
   In addition it might contain the next attributes:
   1) extensions. File extensions for files associated with this lexer.
      Extensions are separated by a semicolon (;).
      The extensions appear in the file open dialogs.
   2) match. The match attribute specifies the 'no' macro
      used for matching with the 'style' macro.
   Furthermore it might contain the next tags:
   1) <styles>. Colouring styles for this lexer. 
      The attribute 'no' contains the scintilla styles.
      This attribute lists all styles that will have the style specifier that 
      follows, separated by a comma sign (,).
      The value contains the scintilla style specifier. 
      It can have the next values:
      bold turns on bold
      italic turns on italics
      fore:[name or #RRGGBB] sets the foreground colour
      back:[name or #RRGGBB] sets the background colour
      face:[facename] sets the font face name to use
      size:[num] sets the font size in points
      eol turns on eol filling
      underline turns on underlining
      It can also have the default-font value which is kept in the config
      and can be set using options edit, and substitutes face and size.
   2) <keywords>. Keywords for this lexer. Default they are in set 0, but you can 
      explicitly express the set by adding :<setno> after the keyword.
   3) <properties>. Properties for this lexer. This field
      is built of two fields, separated by an equal sign (=).
      The first field contains the scintilla property key.
      The second field contains the scintilla property value. 
   4) A <comments> element.
   -->
  
  <lexer name="abaqus" match="wxSTC_ABAQUS_"/> 
  <lexer name="acf" match="wxSTC_ACF_" />
  <lexer name="ada" extensions="*.a" match="wxSTC_ADA_">
    <keywords>    
      abort abs abstract accept access ackage aliased all and array at
      begin body case constant declare delay delta digits do else elsif
      end entry exception exit for function generic goto if in interface
      israise limited loop mod new not null of or others out
      overriding pragma private procedure protected range record rem renames 
      requeue return reverse
      select separate subtype synchronized tagged task terminate then type until
      use when while with xor
    </keywords>    
    <comments begin1="--" />
  </lexer>
  <lexer name="apdl" match="wxSTC_APDL_" />
  <lexer name="asm" extensions="*.mac" match="wxSTC_ASM_">
    <styles>
      <style no="wxSTC_ASM_CPUINSTRUCTION"> WORD </style>
      <style no="wxSTC_ASM_MATHINSTRUCTION"> italic </style>
      <style no="wxSTC_ASM_REGISTER"> fore:blue </style>
      <style no="wxSTC_ASM_DIRECTIVE"> italic </style>
      <style no="wxSTC_ASM_COMMENTBLOCK"> underline </style>
    </styles>
    <keywords>    
    ADC ADCB ADD ASH ASHC ASL ASLB ASR ASRB BCC BCS BEQ BGE BGT BHI BHIS BIC 
    BICB BIS BISB BIT BITB BLE BLO BLOS BLT
    BMI BNE BPL BPT BR BVC BVS CLR CLRB C CCC CLC CLN CLV CLZ CMP CMPB COM COMB 
    CSM DEC DECB DF DIV EMT HALT INC
    INCB IOT JMP JSR MARK MFPD MFPS MFPT MOV MOVB MTPD MTPI MTPS MUL NEG NEGB 
    NOP RESET ROL ROLB ROR RORB RTI RTS 
    RTT SBC SBCB S SCC SEC SEN SEV SEZ SOB SPL SUB SWAB SXT TRAP TST TSTB 
    TSTSET WAIT WRTLCK XOR
    .ASCII .ASCIZ .ASECT .BLKB .BYTE .CROSS .CSECT .DSABL .ENABL .END .ENDC 
    .EVEN .FLT2 .FLT4 .GLOBL .IDENT .IF 
    .IFF .IFT .IFTF .IIF .INCLUDE .LIBRARY .LIMIT .LIST .NLIST .NOCROSS .ODD 
    .PACKED .PAGE .PSECT .RAD50 .RADIX .REM 
    .RESTORE .SBTTL .TITLE .WEAK .WORD
    MN SO DO PC MS CC SP R1 R2 R3 R4 R5
    </keywords>
    <comments begin1=";" />
  </lexer>
  <lexer name="asn1" match="wxSTC_ASN1_" />
  <lexer name="asp" match="wxSTC_H_" /> 
  <lexer name="asy" match="wxSTC_ASY_" />
  <lexer name="au3" match="wxSTC_AU3_" />
  <lexer name="ave" match="wxSTC_AVE_" />
  <lexer name="baan" match="wxSTC_BAAN_" />
  <lexer name="bash" extensions="*.bash;.bash*;*.sh;Doxyfile" match="wxSTC_SH_"> 
    <keywords>    
    alias bg case cd cp diff do done echo elif else esac exit export fg fi find 
    for function
    help history if in jobs kill logout mount pwd rm select set sleep source 
    tail test then
    time ulimit umount umask unalias unset until while
    </keywords>
    <comments begin1="#" />
  </lexer>
  <lexer name="batch" extensions="*.bat" match="wxSTC_BAT_" />
  <lexer name="bullant" match="wxSTC_BULLANT_" />
  <lexer name="caml" match="wxSTC_CAML_" />
  <lexer name="clarion" match="wxSTC_CLW_" />
  <lexer name="cmake" match="wxSTC_CMAKE_" />
  <lexer name="cpp" extensions="*.cpp;*.c;*.cc;*.h;*.hpp;*.inl;*.cxx;*.l;*.y" match="wxSTC_C_">
    <keywords>
    argc:0 argv:0 auto:0 bool:0 break:0 case:0 catch:0 char:0 class:0 const:0
    const_cast:0 continue:0 default:0 delete:0 do:0 double:0 dynamic_cast:0
    else:0 enum:0 envp:0 explicit:0 extern:0 false:0 float:0 for:0 friend:0
    fstream:0 goto:0 if:0 inline:0 int:0 istream:0 istrstream:0 istringstream:0
    long:0 main:0 mutable:0 namespace:0 new:0 operator:0 ostream:0 ostrstream:0
    ostringstream:0 private:0 protected:0 public:0 register:0 reinterpret_cast:0
    return:0 short:0 signed:0 sizeof:0 static:0 static_cast:0 struct:0 switch:0
    template:0 this:0 throw:0 true:0 try:0 typedef:0 typeid:0 typename:0
    union:0 unsigned:0 using:0 virtual:0 void:0 volatile:0 wchar_t:0 while:0 
    wmain:0
    adjacent_find:1 array:1 at:1 back:1 back_insert_iterator:1 begin:1 
    binary_search:1
    bind1st:1 bind2nd:1 bitset:1 capacity:1 clear:1 const_iterator:1 copy:1 
    copy_backward:1
    count:1 count_if:1 deque:1 divides:1 empty:1 end:1 equal:1 equal_range:1 
    equal_to:1
    erase:1 fill:1 fill_n:1 find:1 find_end:1 find_first_of:1 find_if:1 
    for_each:1
    front:1 front_insert_iterator:1 generate:1 generate_n:1 get_allocator:1 
    greater:1
    greater_equal:1 includes:1 inplace_merge:1 insert:1 istream_iterator:1 
    istreambuf_iterator:1 iter_swap:1 iterator:1 less:1 less_equal:1 
    lexicographical_compare:1
    list:1 logical_and:1 logical_not:1 logical_or:1 lower_bound:1 make_heap:1 
    make_pair:1
    map:1 max:1 max_element:1 max_size:1  mem_fun:1 mem_fun_ref:1 merge:1
    min:1 min_element:1 minus:1 mismatch:1 modulus:1 multimap:1 multiplies:1 
    multiset:1
    negate:1 next_permutation:1 not1:1 not2:1 not_equal_to:1 nth_element:1
    ostream_iterator:1 ostreambuf_iterator:1
    partial_sort:1 partial_sort_copy:1 partition:1
    plus:1 pop_back:1 pop_front:1 pop_heap:1 prev_permutation:1 priority_queue:1
    ptr_fun:1 push_back:1 push_front:1 push_heap:1 queue:1
    random_shuffle:1 rbegin:1 remove:1 remove_copy:1 remove_copy_if:1 
    remove_if:1
    rend:1 replace:1 replace_copy:1 replace_copy_if:1 replace_if:1 reserve:1
    reserve_copy:1 resize:1 reverse:1 reverse_iterator:1 rotate:1 rotate_copy:1
    search:1 search_n:1 set:1
    set_difference:1 set_intersection:1 set_symmetric_difference:1 set_union:1
    size:1 sort:1 sort_heap:1 stable_partition:1 stable_sort:1 stack:1 string:1
    swap:1 swap_ranges:1 transform:1 unique:1 unique_copy:1 upper_bound:1 
    valarray:1 vector:1
    </keywords>
    <comments begin1="//" begin2="/*" end2="*/" />
  </lexer>
  <lexer name="csound" match="wxSTC_CSOUND_" />
  <lexer name="css" match="wxSTC_CSS_" />
  <lexer name="d" match="wxSTC_D_" /> 
  <lexer name="diff" match="wxSTC_DIFF_">
    <styles>
    <style no="wxSTC_DIFF_HEADER"> fore:blue </style>
    <style no="wxSTC_DIFF_POSITION"> fore:brown </style>
    <style no="wxSTC_DIFF_DELETED"> fore:red </style>
    <style no="wxSTC_DIFF_ADDED"> fore:lime green </style>
    <style no="wxSTC_DIFF_CHANGED"> fore:yellow </style>
    </styles>
  </lexer>
  <lexer name="eiffel" match="wxSTC_EIFFEL_" />
  <lexer name="erlang" match="wxSTC_ERLANG_" />
  <lexer name="errlist" match="wxSTC_ERR_" />
  <lexer name="escript" match="wxSTC_ESCRIPT_" />
  <lexer name="flagship" match="wxSTC_FS_" />
  <lexer name="forth" match="wxSTC_FORTH_" />
  <lexer name="fortran" match="wxSTC_F_" />
  <lexer name="gap" match="wxSTC_GAP_" />
  <lexer name="gui4cli" match="wxSTC_GC_" />
  <lexer name="haskell" match="wxSTC_HA_" />
  <lexer name="hypertext" extensions="*.htm;*.html" match="wxSTC_H_" >
    <styles>
      <style no="wxSTC_H_TAG"> TAG </style>
      <style no="wxSTC_H_TAGEND"> TAG </style>
      <style no="wxSTC_H_TAGUNKNOWN"> ERROR </style>
      <style no="wxSTC_H_ATTRIBUTEUNKNOWN"> ERROR </style>
      <style no="wxSTC_H_QUESTION"> fore:#0000FF,back:#FFEFBF </style>
      <style no="wxSTC_H_VALUE"> fore:#FF00FF,back:#FFEFFF </style>
      <style no="wxSTC_HPHP_DEFAULT"> fore:green,eol </style>
      <style no="wxSTC_HPHP_HSTRING"> fore:#007F00,back:#FFF8F8 </style>
      <style no="wxSTC_HPHP_SIMPLESTRING"> fore:#009F00,back:#FFF8F8 </style>
      <style no="wxSTC_HPHP_WORD"> fore:#7F007F,italic,back:#FFF8F8 </style>
      <style no="wxSTC_HPHP_NUMBER"> fore:#CC9900,back:#FFF8F8 </style>
      <style no="wxSTC_HPHP_HSTRING_VARIABLE"> fore:#007F00,italic,back:#FFF8F8 </style>
      <style no="wxSTC_HPHP_OPERATOR"> fore:#000000,back:#FFF8F8 </style>
      <style no="wxSTC_HPHP_COMMENT"> fore:green </style>
      <style no="wxSTC_HPHP_COMMENTLINE"> fore:green </style>
    </styles>
    <properties>
      <property name="fold"> 1 </property>
      <property name="fold.html"> 1 </property>
      <property name="fold.compact"> 1 </property>
      <!-- Default Language 1 for JS, 2 for VBS, 3 for python -->
      <property name="asp.default.language"> 1 </property>
    </properties>
  </lexer>
  <lexer name="inno" match="wxSTC_INNO_" />
  <lexer name="kix" match="wxSTC_KIX_" />
  <lexer name="latex" match="wxSTC_L_" />
  <lexer name="lisp" match="wxSTC_LISP_" />
  <lexer name="lot" match="wxSTC_LOT_" />
  <lexer name="lout" match="wxSTC_LOUT_" />
  <lexer name="lua" match="wxSTC_LUA_" />
  <lexer name="magik" match="wxSTC_MAGIK" />
  <lexer name="makefile" extensions="*makefile;makefile*.*" match="wxSTC_MAKE_"> <comments begin1="#" /> </lexer>
  <lexer name="markdown" extensions="*.md" match="wxSTC_MARKDOWN" >
    <styles>
      <style no="wxSTC_MARKDOWN_HEADER1"> bold,eol </style>
      <style no="wxSTC_MARKDOWN_HEADER2"> bold,eol </style>
      <style no="wxSTC_MARKDOWN_HEADER3"> bold,eol </style>
      <style no="wxSTC_MARKDOWN_HEADER4"> bold,eol </style>
      <style no="wxSTC_MARKDOWN_HEADER5"> bold,eol </style>
      <style no="wxSTC_MARKDOWN_HEADER6"> bold,eol </style>
      <style no="wxSTC_MARKDOWN_ULIST_ITEM"> fore:green </style>
      <style no="wxSTC_MARKDOWN_OLIST_ITEM"> fore:green </style>
      <style no="wxSTC_MARKDOWN_LINK"> italic </style>
      <style no="wxSTC_MARKDOWN_CODE"> fore:blue </style>
      <style no="wxSTC_MARKDOWN_CODE2"> fore:blue </style>
      <style no="wxSTC_MARKDOWN_CODEBK"> fore:blue </style>
    </styles>
  </lexer>
  
  <lexer name="matlab" match="wxSTC_MATLAB_" />
  <lexer name="metapost" match="wxSTC_METAPOST_" />
  <lexer name="mmixal" match="wxSTC_MMIXAL_" />
  <lexer name="mssql" match="wxSTC_MSSQL_" />
  <lexer name="mysql" match="wxSTC_MYSQL" />
  <lexer name="nncrontab" match="wxSTC_NNCRONTAB_" />
  <lexer name="nsis" match="wxSTC_NSIS_" />
  <lexer name="octave" match="wxSTC_MATLAB_" />
  <lexer name="opal" match="wxSTC_OPAL_" />
  <lexer name="pascal" extensions="*.pas" match="wxSTC_PAS_">
    <keywords>    
    ABSOLUTE ABSTRACT AND ARRAY AS ASM ASSEMBLER AUTOMATED BEGIN CASE CDECL 
    CLASS CONST
    CONSTRUCTOR CONTAINS DEFAULT DESTRUCTOR DISPID DISPINTERFACE DIV DO DOWNTO 
    DYNAMIC
    ELSE END EXCEPT EXPORT EXPORTS EXTERNAL FAR FILE FINALIZATION FINALLY FOR 
    FORWARD
    FUNCTION GOTO IF IMPLEMENTATION IMPLEMENTS IN INDEX INHERITED INITIALIZATION
    INLINE INTERFACE
    IS LABEL LIBRARY MESSAGE MOD NAME NEAR NIL NODEFAULT NOT OBJECT OF OR OUT 
    OVERLOAD
    OVERRIDE PACKAGE PACKED PASCAL PRIVATE PROCEDURE PROGRAM PROPERTY PROTECTED 
    PUBLIC PUBLISHED RAISE
    READ READONLY RECORD REGISTER REINTRODUCE REPEAT REQUIRES RESIDENT 
    RESOURCESTRING SAFECALL SET
    SHL SHR STDCALL STORED STRING THEN THREADVAR TO TRY TYPE UNIT UNTIL USES VAR
    VIRTUAL
    WHILE WITH WRITE WRITELN WRITEONLY XOR BOOLEAN CHAR INTEGER REAL
    </keywords>
    <comments begin1="(*" end1="*)" begin2="{" end2="}"/>
  </lexer>
  <lexer name="perl" extensions="*.pl" match="wxSTC_PL_">
    <keywords>
      abs accept 
      alarm and atan2 bind binmode bless caller chdir chmod chomp chop 
      chown chr chroot close closedir cmp connect continue cos crypt 
      dbmclose dbmopen defined delete die do dump each else elsif endgrent 
      endhostent endnetent endprotoent endpwent endservent eof eq eval 
      exec exists exit exp fcntl fileno flock for foreach fork format 
      formline ge getc getgrent getgrgid getgrnam gethostbyaddr gethostbyname 
      gethostent getlogin getnetbyaddr getnetbyname getnetent getpeername 
      getpgrp getppid getpriority getprotobyname getprotobynumber getprotoent 
      getpwent getpwnam getpwuid getservbyname getservbyport getservent 
      getsockname getsockopt glob gmtime goto grep gt hex if index 
      int ioctl join keys kill last lc lcfirst le length link listen 
      local localtime lock log lstat lt map mkdir msgctl msgget msgrcv 
      msgsnd my ne next no not oct open opendir or ord our pack package 
      pipe pop pos print printf prototype push quotemeta qu 
      rand read readdir readline readlink readpipe recv redo 
      ref rename require reset return reverse rewinddir rindex rmdir 
      scalar seek seekdir select semctl semget semop send setgrent 
      sethostent setnetent setpgrp setpriority setprotoent setpwent 
      setservent setsockopt shift shmctl shmget shmread shmwrite shutdown 
      sin sleep socket socketpair sort splice split sprintf sqrt srand 
      stat study sub substr symlink syscall sysopen sysread sysseek 
      system syswrite tell telldir tie tied time times truncate 
      uc ucfirst umask undef unless unlink unpack unshift untie until 
      use utime values vec wait waitpid wantarray warn while write 
      xor 
      given when default say state
    </keywords>
  </lexer>
  <lexer name="PL/M" match="wxSTC_PLM_" />
  <lexer name="php" match="wxSTC_HPHP_" /> 
  <lexer name="phpscript" match="wxSTC_H_" /> 
  <lexer name="po" extensions="*.po" match="wxSTC_PO_">
    <styles>
      <style no ="wxSTC_PO_MSGID"> WORD </style>
      <style no ="wxSTC_PO_MSGSTR"> WORD </style>
    </styles>
    <keywords>    
      msgid msgstr
    </keywords>
  </lexer>
  <lexer name="pov" match="wxSTC_POV_" />
  <lexer name="powerpro" match="wxSTC_POWERPRO" />
  <lexer name="powershell" match="wxSTC_POWERSHELL" />
  <lexer name="progress" match="wxSTC_4GL_" />
  <lexer name="props" extensions="*.ini;*.conf" match="wxSTC_PROPS_">
    <styles>
    <style no="wxSTC_PROPS_SECTION"> fore:blue </style>
    <style no="wxSTC_PROPS_ASSIGNMENT"> fore:brown </style>
    <style no="wxSTC_PROPS_DEFVAL"> fore:red </style>
    <style no="wxSTC_PROPS_KEY"> fore:grey </style>
    </styles>
  </lexer>
  <lexer name="ps" match="wxSTC_PS_" />
  <lexer name="python" extensions="*.py" match="wxSTC_P_">
    <styles>
      <style no="wxSTC_P_TRIPLE"> COMMENT </style>
      <style no="wxSTC_P_TRIPLEDOUBLE"> COMMENT </style>
    </styles>
    <keywords>
      and as assert break class continue def del elif 
      else except exec finally for from global if import in is lambda None 
      not or pass print raise return try while with yield
    </keywords>
  </lexer>
  <lexer name="r" match="wxSTC_R_" />
  <lexer name="rebol" match="wxSTC_REBOL_" />
  <lexer name="ruby" match="wxSTC_RB_" />
  <lexer name="scriptol" match="wxSTC_SCRIPTOL_WHITE" />
  <lexer name="smalltalk" match="wxSTC_ST_" />
  <lexer name="sml" match="wxSTC_SML" />
  <lexer name="sorcus" match="wxSTC_SORCUS" />
  <lexer name="specman" match="wxSTC_SN_" />
  <lexer name="spice" match="wxSTC_SPICE_" />
  <lexer name="sql" extensions="*.sql" match="wxSTC_SQL_">
    <keywords>    
    <!-- First line added manually -->
    <!-- Copied from scite, v1.68. -->
    auto_increment comment index exists
    absolute action add admin after aggregate
    alias all allocate alter and any are array as asc
    assertion at authorization
    before begin binary bit blob boolean both breadth by
    call cascade cascaded case cast catalog char character
    check class clob close collate collation column commit
    completion connect connection constraint constraints
    constructor continue corresponding create cross cube current
    current_date current_path current_role current_time current_timestamp
    current_user cursor cycle
    data date day deallocate dec decimal declare default
    deferrable deferred delete depth deref desc describe descriptor
    destroy destructor deterministic dictionary diagnostics disconnect
    distinct domain double drop dynamic
    each else end end-exec equals escape every except
    exception exec execute external
    false fetch first float for foreign found from free full
    function
    general get global go goto grant group grouping
    having host hour
    identity if ignore immediate in indicator initialize initially
    inner inout input insert int integer intersect interval
    into is isolation iterate
    join
    key
    language large last lateral leading left less level like
    limit local localtime localtimestamp locator
    map match minute modifies modify module month
    names national natural nchar nclob new next no none
    not null numeric
    object of off old on only open operation option
    or order ordinality out outer output
    pad parameter parameters partial path postfix precision prefix
    preorder prepare preserve primary
    prior privileges procedure public
    read reads real recursive ref references referencing relative
    restrict result return returns revoke right
    role rollback rollup routine row rows
    savepoint schema scroll scope search second section select
    sequence session session_user set sets size smallint some| space
    specific specifictype sql sqlexception sqlstate sqlwarning start
    state statement static structure system_user
    table temporary terminate than then time timestamp
    timezone_hour timezone_minute to trailing transaction translation
    treat trigger true
    under union unique unknown
    unnest update usage user using
    value values varchar variable varying view
    when whenever where with without work write
    year
    zone
    </keywords>
    <comments begin1="--" />
  </lexer>
  <lexer name="tads3" match="wxSTC_T3_" />
  <lexer name="tcl" extensions="*.tcl" match="wxSTC_TCL_" />
  <lexer name="tex" match="wxSTC_TEX_" />
  <lexer name="vb" match="wxSTC_B_" />
  <lexer name="vbscript" match="wxSTC_B_" />
  <lexer name="verilog" match="wxSTC_V_" />
  <lexer name="vhdl" match="wxSTC_VHDL_" />
  <lexer name="xml" match="wxSTC_H_">
    <styles>
      <style no="wxSTC_H_TAG"> TAG </style>
      <style no="wxSTC_H_TAGEND"> TAG </style>
      <style no="wxSTC_H_TAGUNKNOWN"> ERROR </style>
      <style no="wxSTC_H_ATTRIBUTEUNKNOWN"> ERROR </style>
      <style no="wxSTC_H_XMLSTART,wxSTC_H_XMLEND"> fore:red </style>
    </styles>
    <properties>
      <property name="fold"> 1 </property>
      <property name="fold.html"> 1 </property>
      <property name="fold.compact"> 1 </property>
    </properties>
    <!-- xml comments cannot be added, but don't need to, 
         they are added in the source -->
  </lexer>
  <lexer name="yaml" match="wxSTC_YAML_" />
  
</lexers>
