<?xml version="1.0" ?>
<?xml-stylesheet href="lexers.xsl" type="text/xsl" ?>
<!--
Name:      lexers.xml
Purpose:   Lexers configuration for wxExtension.
           See scintilla v3.2.1 (www.scintilla.org).
Author:    Anton van Wezenbeek
Copyright: (c) 2013, Anton van Wezenbeek
-->

<lexers>
  <macro>
    <def name = "global">
      <def no ="mark_circle"/>
      <def no ="mark_roundrect"/>
      <def no ="mark_arrow"/>
      <def no ="mark_smallrect"/>
      <def no ="mark_shortarrow"/>
      <def no ="mark_empty"/>
      <def no ="mark_arrowdown"/>
      <def no ="mark_minus"/>
      <def no ="mark_plus"/>
      <def no ="mark_vline"/>
      <def no ="mark_lcorner"/>
      <def no ="mark_tcorner"/>
      <def no ="mark_boxplus"/>
      <def no ="mark_boxplusconnected"/>
      <def no ="mark_boxminus"/>
      <def no ="mark_boxminusconnected"/>
      <def no ="mark_lcornercurve"/>
      <def no ="mark_tcornercurve"/>
      <def no ="mark_circleplus"/>
      <def no ="mark_circleplusconnected"/>
      <def no ="mark_circleminus"/>
      <def no ="mark_circleminusconnected"/>
      <def no ="mark_background"/>
      <def no ="mark_dotdotdot"/>
      <def no ="mark_arrows"/>
      <def no ="mark_pixmap"/>
      <def no ="mark_fullrect"/>
      <def no ="marknum_folderend"> 25 </def>
      <def no ="marknum_folderopenmid"/>
      <def no ="marknum_foldermidtail"/>
      <def no ="marknum_foldertail"/>
      <def no ="marknum_foldersub"/>
      <def no ="marknum_folder"/>
      <def no ="marknum_folderopen"/>
      <def no ="style_default"/>
      <def no ="style_linenumber"/>
      <def no ="style_bracelight"/>
      <def no ="style_bracebad"/>
      <def no ="style_controlchar"/>
      <def no ="style_indentguide"/>
      <def no ="style_calltip"/>
      <def no ="indic_plain"> 0 </def>
      <def no ="indic_squiggle"/>
      <def no ="indic_tt"/>
      <def no ="indic_diagonal"/>
      <def no ="indic_strike"/>
      <def no ="indic_hidden"/>
      <def no ="indic_box"/>
      <def no ="indic_roundbox"/>
      <def no ="indic_container"/>
      <def no ="iv_none"> 0 </def>
      <def no ="iv_real"/>
      <def no ="iv_lookforward"/>
      <def no ="iv_lookboth"/>
      
      <!-- Macro's for wxExtension -->
      <def no ="ex_marknum_change"> 1 </def>
      <!-- Macro for wxExtension vi markers -->
      <def no ="ex_marknum_vi"> 0 </def>
    </def>

    <def name = "a68k">
      <def no ="default"/>
      <def no ="comment"/>
      <def no ="number_dec"/>
      <def no ="number_bin"/>
      <def no ="number_hex"/>
      <def no ="string1"/>
      <def no ="operator"/>
      <def no ="cpuinstruction"/>
      <def no ="extinstruction"/>
      <def no ="register"/>
      <def no ="directive"/>
      <def no ="macro_arg"/>
      <def no ="label"/>
      <def no ="string2"/>
      <def no ="identifier"/>
      <def no ="macro_declaration"/>
      <def no ="comment_word"/>
      <def no ="comment_special"/>
      <def no ="comment_doxygen"/>
    </def>

    <def name = "abaqus">
      <def no ="default"/>
      <def no ="comment"/>
      <def no ="commentblock"/>
      <def no ="number"/>
      <def no ="string"/>
      <def no ="operator"/>
      <def no ="word"/>
      <def no ="processor"/>
      <def no ="command"/>
      <def no ="slashcommand"/>
      <def no ="starcommand"/>
      <def no ="argument"/>
      <def no ="function"/>
    </def>
    
    <def name = "ada">
      <def no ="default"/>
      <def no ="word"/>
      <def no ="identifier"/>
      <def no ="number"/>
      <def no ="delimiter"/>
      <def no ="character"/>
      <def no ="charactereol"/>
      <def no ="string"/>
      <def no ="stringeol"/>
      <def no ="label"/>
      <def no ="commentline"/>
      <def no ="illegal"/>
    </def>
    
    <def name = "apdl">
      <def no ="default"/>
      <def no ="comment"/>
      <def no ="commentblock"/>
      <def no ="number"/>
      <def no ="string"/>
      <def no ="operator"/>
      <def no ="word"/>
      <def no ="processor"/>
      <def no ="command"/>
      <def no ="slashcommand"/>
      <def no ="starcommand"/>
      <def no ="argument"/>
      <def no ="function"/>
    </def>
    
    <def name = "asm">
      <def no ="default"/>
      <def no ="comment"/>
      <def no ="number"/>
      <def no ="string"/>
      <def no ="operator"/>
      <def no ="identifier"/>
      <def no ="cpuinstruction"/>
      <def no ="mathinstruction"/>
      <def no ="register"/>
      <def no ="directive"/>
      <def no ="directiveoperand"/>
      <def no ="commentblock"/>
      <def no ="character"/>
      <def no ="stringeol"/>
      <def no ="extinstruction"/>
      <def no ="commentdirective"/>
    </def>
    
    <def name = "asn1">
      <def no ="default"/>
      <def no ="comment"/>
      <def no ="identifier"/>
      <def no ="string"/>
      <def no ="oid"/>
      <def no ="scalar"/>
      <def no ="keyword"/>
      <def no ="attribute"/>
      <def no ="descriptor"/>
      <def no ="type"/>
      <def no ="operator"/>
    </def>
    
    <def name = "asy">
      <def no ="default"/>
      <def no ="comment"/>
      <def no ="commentline"/>
      <def no ="number"/>
      <def no ="word1"/>
      <def no ="string"/>
      <def no ="character"/>
      <def no ="operator"/>
      <def no ="identifier"/>
      <def no ="stringeol"/>
      <def no ="commentlinedoc"/>
      <def no ="word2"/>
    </def>
    
    <def name = "au3">
      <def no ="default"/>
      <def no ="comment"/>
      <def no ="commentblock"/>
      <def no ="number"/>
      <def no ="function"/>
      <def no ="keyword"/>
      <def no ="macro"/>
      <def no ="string"/>
      <def no ="operator"/>
      <def no ="variable"/>
      <def no ="sent"/>
      <def no ="preprocessor"/>
      <def no ="special"/>
      <def no ="expand"/>
      <def no ="comobj"/>
      <def no ="udf"/>
    </def>
    
    <def name = "ave">
      <def no ="default"/>
      <def no ="comment"/>
      <def no ="number"/>
      <def no ="word"/>
      <def no ="string"/>
      <def no ="enum"/>
      <def no ="stringeol"/>
      <def no ="identifier"/>
      <def no ="operator"/>
      <def no ="word1"/>
      <def no ="word2"/>
      <def no ="word3"/>
      <def no ="word4"/>
      <def no ="word5"/>
      <def no ="word6"/>
    </def>
    
    <def name = "avs">
      <def no ="default"/>
      <def no ="commentblock"/>
      <def no ="commentblockn"/>
      <def no ="commentline"/>
      <def no ="number"/>
      <def no ="operator"/>
      <def no ="identifier"/>
      <def no ="string"/>
      <def no ="triplestring"/>
      <def no ="keyword"/>
      <def no ="filter"/>
      <def no ="plugin"/>
      <def no ="function"/>
      <def no ="clipprop"/>
      <def no ="userdfn"/>
    </def>

    <def name = "baan">
      <def no ="default"/>
      <def no ="comment"/>
      <def no ="commentdoc"/>
      <def no ="number"/>
      <def no ="word"/>
      <def no ="string"/>
      <def no ="preprocessor"/>
      <def no ="operator"/>
      <def no ="identifier"/>
      <def no ="stringeol"/>
      <def no ="word2"/>
    </def>
    
    <def name = "bash">
      <def no ="default"/>
      <def no ="error"/>
      <def no ="commentline"/>
      <def no ="number"/>
      <def no ="word"/>
      <def no ="string"/>
      <def no ="character"/>
      <def no ="operator"/>
      <def no ="identifier"/>
      <def no ="scalar"/>
      <def no ="param"/>
      <def no ="backticks"/>
      <def no ="here_delim"/>
      <def no ="here_q"/>
    </def>
    
    <def name = "batch">
      <def no ="default"/>
      <def no ="comment"/>
      <def no ="word"/>
      <def no ="label"/>
      <def no ="hide"/>
      <def no ="command"/>
      <def no ="identifier"/>
      <def no ="operator"/>
    </def>
    
    <def name = "caml">
      <def no ="default"/>
      <def no ="identifier"/>
      <def no ="tagname"/>
      <def no ="keyword"/>
      <def no ="keyword2"/>
      <def no ="keyword3"/>
      <def no ="linenum"/>
      <def no ="operator"/>
      <def no ="number"/>
      <def no ="char"/>
      <def no ="string"/>
      <def no ="comment"/>
      <def no ="comment1"/>
      <def no ="comment2"/>
      <def no ="comment3"/>
    </def>
    
    <def name = "clarion">
      <def no ="default"/>
      <def no ="label"/>
      <def no ="comment"/>
      <def no ="string"/>
      <def no ="user_identifier"/>
      <def no ="integer_constant"/>
      <def no ="real_constant"/>
      <def no ="picture_string"/>
      <def no ="keyword"/>
      <def no ="compiler_directive"/>
      <def no ="runtime_expressions"/>
      <def no ="builtin_procedures_function"/>
      <def no ="structure_data_type"/>
      <def no ="attribute"/>
      <def no ="standard_equate"/>
      <def no ="error"/>
      <def no ="deprecated"/>
    </def>
    
    <def name = "cmake">
      <def no ="default"/>
      <def no ="comment"/>
      <def no ="stringdq"/>
      <def no ="stringlq"/>
      <def no ="stringrq"/>
      <def no ="commands"/>
      <def no ="parameters"/>
      <def no ="variable"/>
      <def no ="userdefined"/>
      <def no ="whiledef"/>
      <def no ="foreachdef"/>
      <def no ="ifdefinedef"/>
      <def no ="macrodef"/>
      <def no ="stringvar"/>
      <def no ="number"/>
    </def>

    <def name = "coffeescript">
      <def no ="default"/>
      <def no ="comment"/>
      <def no ="commentline"/>
      <def no ="commentdoc"/>
      <def no ="number"/>
      <def no ="word"/>
      <def no ="string"/>
      <def no ="character"/>
      <def no ="uuid"/>
      <def no ="preprocessor"/>
      <def no ="operator"/>
      <def no ="identifier"/>
      <def no ="stringeol"/>
      <def no ="verbatim"/>
      <def no ="regex"/>
      <def no ="commentlinedoc"/>
      <def no ="word2"/>
      <def no ="commentdockeyword"/>
      <def no ="commentdockeyworderror"/>
      <def no ="globalclass"/>
      <def no ="stringraw"/>
      <def no ="tripleverbatim"/>
      <def no ="hashquotedstring"/>
      <def no ="commentblock"/>
      <def no ="verbose_regex"/>
      <def no ="verbose_regex_comment"/>
    </def>

    <def name = "conf">
      <def no ="default"/>
      <def no ="comment"/>
      <def no ="number"/>
      <def no ="identifier"/>
      <def no ="extension"/>
      <def no ="parameter"/>
      <def no ="string"/>
      <def no ="operator"/>
      <def no ="ip"/>
      <def no ="directive"/>
    </def>
    
    <def name = "cpp">
      <def no ="default"/>
      <def no ="comment"/>
      <def no ="commentline"/>
      <def no ="commentdoc"/>
      <def no ="number"/>
      <def no ="word"/>
      <def no ="string"/>
      <def no ="character"/>
      <def no ="uuid"/>
      <def no ="preprocessor"/>
      <def no ="operator"/>
      <def no ="identifier"/>
      <def no ="stringeol"/>
      <def no ="verbatim"/>
      <def no ="regex"/>
      <def no ="commentlinedoc"/>
      <def no ="word2"/>
      <def no ="commentdockeyword"/>
      <def no ="commentdockeyworderror"/>
      <def no ="globalclass"/>
      <def no ="stringraw"/>
      <def no ="tripleverbatim"/>
      <def no ="hashquotedstring"/>
      <def no ="preprocessorcomment"/>
    </def>
    
    <def name = "csound">
      <def no ="default"/>
      <def no ="comment"/>
      <def no ="number"/>
      <def no ="operator"/>
      <def no ="instr"/>
      <def no ="identifier"/>
      <def no ="opcode"/>
      <def no ="headerstmt"/>
      <def no ="userkeyword"/>
      <def no ="commentblock"/>
      <def no ="param"/>
      <def no ="arate_var"/>
      <def no ="krate_var"/>
      <def no ="irate_var"/>
      <def no ="global_var"/>
      <def no ="stringeol"/>
    </def>
    
    <def name = "css">
      <def no ="default"/>
      <def no ="tag"/>
      <def no ="class"/>
      <def no ="pseudoclass"/>
      <def no ="unknown_pseudoclass"/>
      <def no ="operator"/>
      <def no ="identifier"/>
      <def no ="unknown_identifier"/>
      <def no ="value"/>
      <def no ="comment"/>
      <def no ="id"/>
      <def no ="important"/>
      <def no ="directive"/>
      <def no ="doublestring"/>
      <def no ="singlestring"/>
      <def no ="identifier2"/>
      <def no ="attribute"/>
      <def no ="identifier3"/>
      <def no ="pseudoelement"/>
      <def no ="extended_identifier"/>
      <def no ="extended_pseudoclass"/>
      <def no ="extended_pseudoelement"/>
      <def no ="media"/>
      <def no ="variable"/>
    </def>
    
    <def name = "d">
      <def no ="default"/>
      <def no ="comment"/>
      <def no ="commentline"/>
      <def no ="commentdoc"/>
      <def no ="commentnested"/>
      <def no ="number"/>
      <def no ="word"/>
      <def no ="word2"/>
      <def no ="word3"/>
      <def no ="typedef"/>
      <def no ="string"/>
      <def no ="stringeol"/>
      <def no ="character"/>
      <def no ="operator"/>
      <def no ="identifier"/>
      <def no ="commentlinedoc"/>
      <def no ="commentdockeyword"/>
      <def no ="commentdockeyworderror"/>
    </def>
    
    <def name = "diff">
      <def no ="default"/>
      <def no ="comment"/>
      <def no ="command"/>
      <def no ="header"/>
      <def no ="position"/>
      <def no ="deleted"/>
      <def no ="added"/>
      <def no ="changed"/>
    </def>
    
    <def name = "ecl">
      <def no ="default"/>
      <def no ="comment"/>
      <def no ="commentline"/>
      <def no ="number"/>
      <def no ="string"/>
      <def no ="word0"/>
      <def no ="operator"/>
      <def no ="character"/>
      <def no ="uuid"/>
      <def no ="preprocessor"/>
      <def no ="unknown"/>
      <def no ="identifier"/>
      <def no ="stringeol"/>
      <def no ="verbatim"/>
      <def no ="regex"/>
      <def no ="commentlinedoc"/>
      <def no ="word1"/>
      <def no ="commentdockeyword"/>
      <def no ="commentdockeyworderror"/>
      <def no ="word2"/>
      <def no ="word3"/>
      <def no ="word4"/>
      <def no ="word5"/>
      <def no ="commentdoc"/>
      <def no ="added"/>
      <def no ="deleted"/>
      <def no ="changed"/>
      <def no ="moved"/>
    </def>

    <def name = "eiffel">
      <def no ="default"/>
      <def no ="commentline"/>
      <def no ="number"/>
      <def no ="word"/>
      <def no ="string"/>
      <def no ="character"/>
      <def no ="operator"/>
      <def no ="identifier"/>
      <def no ="stringeol"/>
    </def>
    
    <def name = "erlang">
      <def no ="default"/>
      <def no ="comment"/>
      <def no ="variable"/>
      <def no ="number"/>
      <def no ="keyword"/>
      <def no ="string"/>
      <def no ="operator"/>
      <def no ="atom"/>
      <def no ="function_name"/>
      <def no ="character"/>
      <def no ="macro"/>
      <def no ="record"/>
      <def no ="separator"/>
      <def no ="node_name"/>
      <def no ="unknown"> 31 </def>
    </def>
    
    <def name = "errorlist">
      <def no ="default"/>
      <def no ="python"/>
      <def no ="gcc"/>
      <def no ="ms"/>
      <def no ="cmd"/>
      <def no ="borland"/>
      <def no ="perl"/>
      <def no ="net"/>
      <def no ="lua"/>
      <def no ="ctag"/>
      <def no ="diff_changed"/>
      <def no ="diff_addition"/>
      <def no ="diff_deletion"/>
      <def no ="diff_message"/>
      <def no ="php"/>
      <def no ="elf"/>
      <def no ="ifc"/>
      <def no ="ifort"/>
      <def no ="absf"/>
      <def no ="tidy"/>
      <def no ="java_stack"/>
      <def no ="value"/>
    </def>
    
    <def name = "escript">
      <def no ="default"/>
      <def no ="comment"/>
      <def no ="commentline"/>
      <def no ="commentdoc"/>
      <def no ="number"/>
      <def no ="word"/>
      <def no ="string"/>
      <def no ="operator"/>
      <def no ="identifier"/>
      <def no ="brace"/>
      <def no ="word2"/>
      <def no ="word3"/>
    </def>
    
    <def name = "flagship">
    <!--  (clipper) -->
      <def no ="default"/>
      <def no ="comment"/>
      <def no ="commentline"/>
      <def no ="commentdoc"/>
      <def no ="commentlinedoc"/>
      <def no ="commentdockeyword"/>
      <def no ="commentdockeyworderror"/>
      <def no ="keyword"/>
      <def no ="keyword2"/>
      <def no ="keyword3"/>
      <def no ="keyword4"/>
      <def no ="number"/>
      <def no ="string"/>
      <def no ="preprocessor"/>
      <def no ="operator"/>
      <def no ="identifier"/>
      <def no ="date"/>
      <def no ="stringeol"/>
      <def no ="constant"/>
      <def no ="wordoperator"/>
      <def no ="disabledcode"/>
      <def no ="default_c"/>
      <def no ="commentdoc_c"/>
      <def no ="commentlinedoc_c"/>
      <def no ="keyword_c"/>
      <def no ="keyword2_c"/>
      <def no ="number_c"/>
      <def no ="string_c"/>
      <def no ="preprocessor_c"/>
      <def no ="operator_c"/>
      <def no ="identifier_c"/>
      <def no ="stringeol_c"/>
    </def>
    
    <def name = "forth">
      <def no ="default"/>
      <def no ="comment"/>
      <def no ="comment_ml"/>
      <def no ="identifier"/>
      <def no ="control"/>
      <def no ="keyword"/>
      <def no ="defword"/>
      <def no ="preword1"/>
      <def no ="preword2"/>
      <def no ="number"/>
      <def no ="string"/>
      <def no ="locale"/>
    </def>
    
    <def name = "fortran">
      <def no ="default"/>
      <def no ="comment"/>
      <def no ="number"/>
      <def no ="string1"/>
      <def no ="string2"/>
      <def no ="stringeol"/>
      <def no ="operator"/>
      <def no ="identifier"/>
      <def no ="word"/>
      <def no ="word2"/>
      <def no ="word3"/>
      <def no ="preprocessor"/>
      <def no ="operator2"/>
      <def no ="label"/>
      <def no ="continuation"/>
    </def>
    
    <def name = "gap">
      <def no ="default"/>
      <def no ="identifier"/>
      <def no ="keyword"/>
      <def no ="keyword2"/>
      <def no ="keyword3"/>
      <def no ="keyword4"/>
      <def no ="string"/>
      <def no ="char"/>
      <def no ="operator"/>
      <def no ="comment"/>
      <def no ="number"/>
      <def no ="stringeol"/>
    </def>
    
    <def name = "gui4cli">
      <def no ="default"/>
      <def no ="commentline"/>
      <def no ="commentblock"/>
      <def no ="global"/>
      <def no ="event"/>
      <def no ="attribute"/>
      <def no ="control"/>
      <def no ="command"/>
      <def no ="string"/>
      <def no ="operator"/>
    </def>
    
    <def name = "haskell">
      <def no ="default"/>
      <def no ="identifier"/>
      <def no ="keyword"/>
      <def no ="number"/>
      <def no ="string"/>
      <def no ="character"/>
      <def no ="class"/>
      <def no ="module"/>
      <def no ="capital"/>
      <def no ="data"/>
      <def no ="import"/>
      <def no ="operator"/>
      <def no ="instance"/>
      <def no ="commentline"/>
      <def no ="commentblock"/>
      <def no ="commentblock2"/>
      <def no ="commentblock3"/>
    </def>
    
    <def name = "hypertext">
      <def no ="default"/>
      <def no ="tag"/>
      <def no ="tagunknown"/>
      <def no ="attribute"/>
      <def no ="attributeunknown"/>
      <def no ="number"/>
      <def no ="doublestring"/>
      <def no ="singlestring"/>
      <def no ="other"/>
      <def no ="comment"/>
      <def no ="entity"/>
      <def no ="tagend"/>
      <def no ="xmlstart"/>
      <def no ="xmlend"/>
      <def no ="script"/>
      <def no ="asp"/>
      <def no ="aspat"/>
      <def no ="cdata"/>
      <def no ="question"/>
      <def no ="value"/>
      <def no ="xccomment"/>
      <def no ="sgml_default"/>
      <def no ="sgml_command"/>
      <def no ="sgml_param"/>
      <def no ="sgml_doublestring"/>
      <def no ="sgml_simplestring"/>
      <def no ="sgml_error"/>
      <def no ="sgml_special"/>
      <def no ="sgml_entity"/>
      <def no ="sgml_comment"/>
      <def no ="sgml_st_param_comment"/>
      <def no ="sgml_block_default"/>
      <def no ="hj_start"> 40 </def>
      <def no ="hj_default"/>
      <def no ="hj_comment"/>
      <def no ="hj_commentline"/>
      <def no ="hj_commentdoc"/>
      <def no ="hj_number"/>
      <def no ="hj_word"/>
      <def no ="hj_keyword"/>
      <def no ="hj_doublestring"/>
      <def no ="hj_singlestring"/>
      <def no ="hj_symbols"/>
      <def no ="hj_stringeol"/>
      <def no ="hj_regex"/>
      <def no ="hja_start"/>
      <def no ="hja_default"/>
      <def no ="hja_comment"/>
      <def no ="hja_commentline"/>
      <def no ="hja_commentdoc"/>
      <def no ="hja_number"/>
      <def no ="hja_word"/>
      <def no ="hja_keyword"/>
      <def no ="hja_doublestring"/>
      <def no ="hja_singlestring"/>
      <def no ="hja_symbols"/>
      <def no ="hja_stringeol"/>
      <def no ="hja_regex"/>
      <def no ="hb_start"> 70 </def>
      <def no ="hb_default"/>
      <def no ="hb_commentline"/>
      <def no ="hb_number"/>
      <def no ="hb_word"/>
      <def no ="hb_string"/>
      <def no ="hb_identifier"/>
      <def no ="hb_stringeol"/>
      <def no ="hba_start"> 80 </def>
      <def no ="hba_default"/>
      <def no ="hba_commentline"/>
      <def no ="hba_number"/>
      <def no ="hba_word"/>
      <def no ="hba_string"/>
      <def no ="hba_identifier"/>
      <def no ="hba_stringeol"/>
      <def no ="hp_start"> 90 </def>
      <def no ="hp_default"/>
      <def no ="hp_commentline"/>
      <def no ="hp_number"/>
      <def no ="hp_string"/>
      <def no ="hp_character"/>
      <def no ="hp_word"/>
      <def no ="hp_triple"/>
      <def no ="hp_tripledouble"/>
      <def no ="hp_classname"/>
      <def no ="hp_defname"/>
      <def no ="hp_operator"/>
      <def no ="hp_identifier"/>
      <def no ="hphp_complex_variable"> 104 </def>
      <def no ="hpa_start"> 105 </def>
      <def no ="hpa_default"/>
      <def no ="hpa_commentline"/>
      <def no ="hpa_number"/>
      <def no ="hpa_string"/>
      <def no ="hpa_character"/>
      <def no ="hpa_word"/>
      <def no ="hpa_triple"/>
      <def no ="hpa_tripledouble"/>
      <def no ="hpa_classname"/>
      <def no ="hpa_defname"/>
      <def no ="hpa_operator"/>
      <def no ="hpa_identifier"/>
      <def no ="hphp_default"/>
      <def no ="hphp_hstring"/>
      <def no ="hphp_simplestring"/>
      <def no ="hphp_word"/>
      <def no ="hphp_number"/>
      <def no ="hphp_variable"/>
      <def no ="hphp_comment"/>
      <def no ="hphp_commentline"/>
      <def no ="hphp_hstring_variable"/>
      <def no ="hphp_operator"/>
    </def>
    
    <def name = "inno">
      <def no ="default"/>
      <def no ="comment"/>
      <def no ="keyword"/>
      <def no ="parameter"/>
      <def no ="section"/>
      <def no ="preproc"/>
      <def no ="preproc_inline"/>
      <def no ="comment_pascal"/>
      <def no ="keyword_pascal"/>
      <def no ="keyword_user"/>
      <def no ="string_double"/>
      <def no ="string_single"/>
      <def no ="identifier"/>
    </def>
    
    <def name = "kix">
      <def no ="default"/>
      <def no ="comment"/>
      <def no ="string1"/>
      <def no ="string2"/>
      <def no ="number"/>
      <def no ="var"/>
      <def no ="macro"/>
      <def no ="keyword"/>
      <def no ="functions"/>
      <def no ="operator"/>
      <def no ="identifier"> 31 </def>
    </def>
    
    <def name = "latex">
      <def no ="default"/>
      <def no ="command"/>
      <def no ="tag"/>
      <def no ="math"/>
      <def no ="comment"/>
      <def no ="tag2"/>
      <def no ="math2"/>
      <def no ="comment2"/>
      <def no ="verbatim"/>
      <def no ="shortcmd"/>
      <def no ="special"/>
      <def no ="cmdopt"/>
      <def no ="error"/>
    </def>
    
    <def name = "lisp">
      <def no ="default"/>
      <def no ="comment"/>
      <def no ="number"/>
      <def no ="keyword"/>
      <def no ="keyword_kw"/>
      <def no ="symbol"/>
      <def no ="string"/>
      <def no ="stringeol"/>
      <def no ="identifier"/>
      <def no ="operator"/>
      <def no ="special"/>
      <def no ="multi_comment"/>
    </def>
    
    <def name = "lot">
      <def no ="default"/>
      <def no ="header"/>
      <def no ="break"/>
      <def no ="set"/>
      <def no ="pass"/>
      <def no ="fail"/>
      <def no ="abort"/>
    </def>
    
    <def name = "lout">
      <def no ="default"/>
      <def no ="comment"/>
      <def no ="number"/>
      <def no ="word"/>
      <def no ="word2"/>
      <def no ="word3"/>
      <def no ="word4"/>
      <def no ="string"/>
      <def no ="operator"/>
      <def no ="identifier"/>
      <def no ="stringeol"/>
    </def>
    
    <def name = "lua">
      <def no ="default"/>
      <def no ="comment"/>
      <def no ="commentline"/>
      <def no ="commentdoc"/>
      <def no ="number"/>
      <def no ="word"/>
      <def no ="string"/>
      <def no ="character"/>
      <def no ="literalstring"/>
      <def no ="preprocessor"/>
      <def no ="operator"/>
      <def no ="identifier"/>
      <def no ="stringeol"/>
      <def no ="word2"/>
      <def no ="word3"/>
      <def no ="word4"/>
      <def no ="word5"/>
      <def no ="word6"/>
      <def no ="word7"/>
      <def no ="word8"/>
      <def no ="label"/>
    </def>
    
    <def name = "magik">
      <def no ="default"/>
      <def no ="comment"/>
      <def no ="hyper_comment"> 16 </def>
      <def no ="string"> 2 </def>
      <def no ="character"/>
      <def no ="number"/>
      <def no ="identifier"/>
      <def no ="operator"/>
      <def no ="flow"/>
      <def no ="container"/>
      <def no ="bracket_block"/>
      <def no ="brace_block"/>
      <def no ="sqbracket_block"/>
      <def no ="unknown_keyword"/>
      <def no ="keyword"/>
      <def no ="pragma"/>
      <def no ="symbol"/>
    </def>
    
    <def name = "makefile">
      <def no ="default"/>
      <def no ="comment"/>
      <def no ="preprocessor"/>
      <def no ="identifier"/>
      <def no ="operator"/>
      <def no ="target"/>
      <def no ="ideol"> 9 </def>
    </def>
    
    <def name = "markdown">
      <def no ="default"/>
      <def no ="line_begin"/>
      <def no ="strong1"/>
      <def no ="strong2"/>
      <def no ="em1"/>
      <def no ="em2"/>
      <def no ="header1"/>
      <def no ="header2"/>
      <def no ="header3"/>
      <def no ="header4"/>
      <def no ="header5"/>
      <def no ="header6"/>
      <def no ="prechar"/>
      <def no ="ulist_item"/>
      <def no ="olist_item"/>
      <def no ="blockquote"/>
      <def no ="strikeout"/>
      <def no ="hrule"/>
      <def no ="link"/>
      <def no ="code"/>
      <def no ="code2"/>
      <def no ="codebk"/>
    </def>
    
    <def name = "matlab">
    <!-- octave are identical to matlab -->
      <def no ="default"/>
      <def no ="comment"/>
      <def no ="command"/>
      <def no ="number"/>
      <def no ="keyword"/>
      <def no ="string"/>
      <def no ="operator"/>
      <def no ="identifier"/>
      <def no ="doublequotestring"/>
    </def>
    
    <def name = "metapost">
      <def no ="default"/>
      <def no ="special"/>
      <def no ="group"/>
      <def no ="symbol"/>
      <def no ="command"/>
      <def no ="text"/>
      <def no ="extra"/>
    </def>
    
    <def name = "mmixal">
      <def no ="leadws"/>
      <def no ="comment"/>
      <def no ="label"/>
      <def no ="opcode"/>
      <def no ="opcode_pre"/>
      <def no ="opcode_valid"/>
      <def no ="opcode_unknown"/>
      <def no ="opcode_post"/>
      <def no ="operands"/>
      <def no ="number"/>
      <def no ="ref"/>
      <def no ="char"/>
      <def no ="string"/>
      <def no ="register"/>
      <def no ="hex"/>
      <def no ="operator"/>
      <def no ="symbol"/>
      <def no ="include"/>
    </def>
    
    <def name = "modula">
      <def no ="default"/>
      <def no ="comment"/>
      <def no ="doxycomm"/>
      <def no ="doxykey"/>
      <def no ="keyword"/>
      <def no ="reserved"/>
      <def no ="number"/>
      <def no ="basenum"/>
      <def no ="float"/>
      <def no ="string"/>
      <def no ="strspec"/>
      <def no ="char"/>
      <def no ="charspec"/>
      <def no ="proc"/>
      <def no ="pragma"/>
      <def no ="prgkey"/>
      <def no ="operator"/>
      <def no ="badstr"/>
    </def>

    <def name = "mssql">
      <def no ="default"/>
      <def no ="comment"/>
      <def no ="line_comment"/>
      <def no ="number"/>
      <def no ="string"/>
      <def no ="operator"/>
      <def no ="identifier"/>
      <def no ="variable"/>
      <def no ="column_name"/>
      <def no ="statement"/>
      <def no ="datatype"/>
      <def no ="systable"/>
      <def no ="global_variable"/>
      <def no ="function"/>
      <def no ="stored_procedure"/>
      <def no ="default_pref_datatype"/>
      <def no ="column_name_"/>
    </def>
    
    <def name = "mysql">
      <def no ="default"/>
      <def no ="comment"/>
      <def no ="commentline"/>
      <def no ="variable"/>
      <def no ="systemvariable"/>
      <def no ="knownsystemvariable"/>
      <def no ="number"/>
      <def no ="majorkeyword"/>
      <def no ="keyword"/>
      <def no ="databaseobject"/>
      <def no ="procedurekeyword"/>
      <def no ="string"/>
      <def no ="sqstring"/>
      <def no ="dqstring"/>
      <def no ="operator"/>
      <def no ="function"/>
      <def no ="identifier"/>
      <def no ="quotedidentifier"/>
      <def no ="user1"/>
      <def no ="user2"/>
      <def no ="user3"/>
      <def no ="hiddencommand"/>
    </def>
    
    <def name = "nncrontab">
      <def no ="default"/>
      <def no ="comment"/>
      <def no ="task"/>
      <def no ="section"/>
      <def no ="keyword"/>
      <def no ="modifier"/>
      <def no ="asterisk"/>
      <def no ="number"/>
      <def no ="string"/>
      <def no ="environment"/>
      <def no ="identifier"/>
    </def>
    
    <def name = "nsis">
      <def no ="default"/>
      <def no ="comment"/>
      <def no ="stringdq"/>
      <def no ="stringlq"/>
      <def no ="stringrq"/>
      <def no ="function"/>
      <def no ="variable"/>
      <def no ="label"/>
      <def no ="userdefined"/>
      <def no ="sectiondef"/>
      <def no ="subsectiondef"/>
      <def no ="ifdefinedef"/>
      <def no ="macrodef"/>
      <def no ="stringvar"/>
      <def no ="number"/>
      <def no ="sectiongroup"/>
      <def no ="pageex"/>
      <def no ="functiondef"/>
      <def no ="commentbox"/>
    </def>
    
    <def name = "opal">
      <def no ="space"/>
      <def no ="comment_block"/>
      <def no ="comment_line"/>
      <def no ="integer"/>
      <def no ="keyword"/>
      <def no ="sort"/>
      <def no ="string"/>
      <def no ="par"/>
      <def no ="bool_const"/>
      <def no ="default"> 32 </def>
    </def>
    
    <def name = "oscript">
      <def no ="default"/>
      <def no ="line_comment"/>
      <def no ="block_comment"/>
      <def no ="doc_comment"/>
      <def no ="preprocessor"/>
      <def no ="number"/>
      <def no ="singlequote_string"/>
      <def no ="doublequote_string"/>
      <def no ="constant"/>
      <def no ="identifier"/>
      <def no ="global"/>
      <def no ="keyword"/>
      <def no ="operator"/>
      <def no ="label"/>
      <def no ="type"/>
      <def no ="function"/>
      <def no ="object"/>
      <def no ="property"/>
      <def no ="method"/>
    </def>
    
    <def name = "pascal">
      <def no ="default"/>
      <def no ="identifier"/>
      <def no ="comment"/>
      <def no ="comment2"/>
      <def no ="commentline"/>
      <def no ="preprocessor"/>
      <def no ="preprocessor2"/>
      <def no ="number"/>
      <def no ="hexnumber"/>
      <def no ="word"/>
      <def no ="string"/>
      <def no ="stringeol"/>
      <def no ="character"/>
      <def no ="operator"/>
      <def no ="asm"/>
    </def>
    
    <def name = "perl">
      <def no ="default"/>
      <def no ="error"/>
      <def no ="commentline"/>
      <def no ="pod"/>
      <def no ="number"/>
      <def no ="word"/>
      <def no ="string"/>
      <def no ="character"/>
      <def no ="punctuation"/>
      <def no ="preprocessor"/>
      <def no ="operator"/>
      <def no ="identifier"/>
      <def no ="scalar"/>
      <def no ="array"/>
      <def no ="hash"/>
      <def no ="symboltable"/>
      <def no ="variable_indexer"/>
      <def no ="regex"/>
      <def no ="regsubst"/>
      <def no ="longquote"/>
      <def no ="backticks"/>
      <def no ="datasection"/>
      <def no ="here_delim"/>
      <def no ="here_q"/>
      <def no ="here_qq"/>
      <def no ="here_qx"/>
      <def no ="string_q"/>
      <def no ="string_qq"/>
      <def no ="string_qx"/>
      <def no ="string_qr"/>
      <def no ="string_qw"/>
      <def no ="pod_verb"/>
      <def no ="sub_prototype"> 40 </def>
      <def no ="format_ident"/>
      <def no ="format"/>
      <def no ="string_var"/>
      <def no ="xlat"/>
      <def no ="regex_var"/>
      <def no ="regsubst_var"/>
      <def no ="backticks_var"/>
      <def no ="here_qq_var"/>
      <def no ="here_qx_var"/>
      <def no ="string_qq_var"/>
      <def no ="string_qx_var"/>
      <def no ="string_qr_var"/>
    </def>
    
    <def name = "PL/M">
      <def no ="default"/>
      <def no ="comment"/>
      <def no ="string"/>
      <def no ="number"/>
      <def no ="identifier"/>
      <def no ="operator"/>
      <def no ="control"/>
      <def no ="keyword"/>
    </def>
    
    <def name = "po">
      <def no ="default"/>
      <def no ="comment"/>
      <def no ="msgid"/>
      <def no ="msgid_text"/>
      <def no ="msgstr"/>
      <def no ="msgstr_text"/>
      <def no ="msgctxt"/>
      <def no ="msgctxt_text"/>
      <def no ="fuzzy"/>
    </def>
    
    <def name = "pov">
      <def no ="default"/>
      <def no ="comment"/>
      <def no ="commentline"/>
      <def no ="number"/>
      <def no ="operator"/>
      <def no ="identifier"/>
      <def no ="string"/>
      <def no ="stringeol"/>
      <def no ="directive"/>
      <def no ="baddirective"/>
      <def no ="word2"/>
      <def no ="word3"/>
      <def no ="word4"/>
      <def no ="word5"/>
      <def no ="word6"/>
      <def no ="word7"/>
      <def no ="word8"/>
    </def>
    
    <def name = "powerpro">
      <def no ="default"/>
      <def no ="commentblock"/>
      <def no ="commentline"/>
      <def no ="number"/>
      <def no ="word"/>
      <def no ="word2"/>
      <def no ="word3"/>
      <def no ="word4"/>
      <def no ="doublequotedstring"/>
      <def no ="singlequotedstring"/>
      <def no ="linecontinue"/>
      <def no ="operator"/>
      <def no ="identifier"/>
      <def no ="stringeol"/>
      <def no ="verbatim"/>
      <def no ="altquote"/>
      <def no ="function"/>
    </def>
    
    <def name = "powershell">
      <def no ="default"/>
      <def no ="comment"/>
      <def no ="string"/>
      <def no ="character"/>
      <def no ="number"/>
      <def no ="variable"/>
      <def no ="operator"/>
      <def no ="identifier"/>
      <def no ="keyword"/>
      <def no ="cmdlet"/>
      <def no ="alias"/>
      <def no ="function"/>
      <def no ="user1"/>
      <def no ="commentstream"/>
    </def>
    
    <def name = "progress">
      <def no ="default"/>
      <def no ="number"/>
      <def no ="word"/>
      <def no ="string"/>
      <def no ="character"/>
      <def no ="preprocessor"/>
      <def no ="operator"/>
      <def no ="identifier"/>
      <def no ="block"/>
      <def no ="end"/>
      <def no ="comment1"/>
      <def no ="comment2"/>
      <def no ="comment3"/>
      <def no ="comment4"/>
      <def no ="comment5"/>
      <def no ="comment6"/>
      <def no ="default_"/>
      <def no ="number_"/>
      <def no ="word_"/>
      <def no ="string_"/>
      <def no ="character_"/>
      <def no ="preprocessor_"/>
      <def no ="operator_"/>
      <def no ="identifier_"/>
      <def no ="block_"/>
      <def no ="end_"/>
      <def no ="comment1_"/>
      <def no ="comment2_"/>
      <def no ="comment3_"/>
      <def no ="comment4_"/>
      <def no ="comment5_"/>
      <def no ="comment6_"/>
    </def>
    
    <def name = "props">
      <def no ="default"/>
      <def no ="comment"/>
      <def no ="section"/>
      <def no ="assignment"/>
      <def no ="defval"/>
      <def no ="key"/>
    </def>
    
    <def name = "ps">
      <def no ="default"/>
      <def no ="comment"/>
      <def no ="dsc_comment"/>
      <def no ="dsc_value"/>
      <def no ="number"/>
      <def no ="name"/>
      <def no ="keyword"/>
      <def no ="literal"/>
      <def no ="immeval"/>
      <def no ="paren_array"/>
      <def no ="paren_dict"/>
      <def no ="paren_proc"/>
      <def no ="text"/>
      <def no ="hexstring"/>
      <def no ="basestring"/>
      <def no ="badstringchar"/>
    </def>
    
    <def name = "python">
      <def no ="default"/>
      <def no ="commentline"/>
      <def no ="number"/>
      <def no ="string"/>
      <def no ="character"/>
      <def no ="word"/>
      <def no ="triple"/>
      <def no ="tripledouble"/>
      <def no ="classname"/>
      <def no ="defname"/>
      <def no ="operator"/>
      <def no ="identifier"/>
      <def no ="commentblock"/>
      <def no ="stringeol"/>
      <def no ="word2"/>
      <def no ="decorator"/>
    </def>
    
    <def name = "r">
      <def no ="default"/>
      <def no ="comment"/>
      <def no ="kword"/>
      <def no ="basekword"/>
      <def no ="otherkword"/>
      <def no ="number"/>
      <def no ="string"/>
      <def no ="string2"/>
      <def no ="operator"/>
      <def no ="identifier"/>
      <def no ="infix"/>
      <def no ="infixeol"/>
    </def>
    
    <def name = "rebol">
      <def no ="default"/>
      <def no ="commentline"/>
      <def no ="commentblock"/>
      <def no ="preface"/>
      <def no ="operator"/>
      <def no ="character"/>
      <def no ="quotedstring"/>
      <def no ="bracedstring"/>
      <def no ="number"/>
      <def no ="pair"/>
      <def no ="tuple"/>
      <def no ="binary"/>
      <def no ="money"/>
      <def no ="issue"/>
      <def no ="tag"/>
      <def no ="file"/>
      <def no ="email"/>
      <def no ="url"/>
      <def no ="date"/>
      <def no ="time"/>
      <def no ="identifier"/>
      <def no ="word"/>
      <def no ="word2"/>
      <def no ="word3"/>
      <def no ="word4"/>
      <def no ="word5"/>
      <def no ="word6"/>
      <def no ="word7"/>
      <def no ="word8"/>
    </def>
    
    <def name = "ruby">
      <def no ="default"/>
      <def no ="error"/>
      <def no ="commentline"/>
      <def no ="pod"/>
      <def no ="number"/>
      <def no ="word"/>
      <def no ="string"/>
      <def no ="character"/>
      <def no ="classname"/>
      <def no ="defname"/>
      <def no ="operator"/>
      <def no ="identifier"/>
      <def no ="regex"/>
      <def no ="global"/>
      <def no ="symbol"/>
      <def no ="module_name"/>
      <def no ="instance_var"/>
      <def no ="class_var"/>
      <def no ="backticks"/>
      <def no ="datasection"/>
      <def no ="here_delim"/>
      <def no ="here_q"/>
      <def no ="here_qq"/>
      <def no ="here_qx"/>
      <def no ="string_q"/>
      <def no ="string_qq"/>
      <def no ="string_qx"/>
      <def no ="string_qr"/>
      <def no ="string_qw"/>
      <def no ="word_demoted"/>
      <def no ="stdin"/>
      <def no ="stdout"/>
      <def no ="stderr"> 40 </def>
      <def no ="upper_bound"/>
    </def>
    
    <def name = "scriptol">
      <def no ="default"/>
      <def no ="white"/>
      <def no ="commentline"/>
      <def no ="persistent"/>
      <def no ="cstyle"/>
      <def no ="commentblock"/>
      <def no ="number"/>
      <def no ="string"/>
      <def no ="character"/>
      <def no ="stringeol"/>
      <def no ="keyword"/>
      <def no ="operator"/>
      <def no ="identifier"/>
      <def no ="triple"/>
      <def no ="classname"/>
      <def no ="preprocessor"/>
    </def>
    
    <def name = "smalltalk">
      <def no ="default"/>
      <def no ="string"/>
      <def no ="number"/>
      <def no ="comment"/>
      <def no ="symbol"/>
      <def no ="binary"/>
      <def no ="bool"/>
      <def no ="self"/>
      <def no ="super"/>
      <def no ="nil"/>
      <def no ="global"/>
      <def no ="return"/>
      <def no ="special"/>
      <def no ="kwsend"/>
      <def no ="assign"/>
      <def no ="character"/>
      <def no ="spec_sel"/>
    </def>
    
    <def name = "sml">
      <def no ="default"/>
      <def no ="identifier"/>
      <def no ="tagname"/>
      <def no ="keyword"/>
      <def no ="keyword2"/>
      <def no ="keyword3"/>
      <def no ="linenum"/>
      <def no ="operator"/>
      <def no ="number"/>
      <def no ="char"/>
      <def no ="string"/>
      <def no ="comment"/>
      <def no ="comment1"/>
      <def no ="comment2"/>
      <def no ="comment3"/>
    </def>
    
    <def name = "sorcins">
      <def no ="default"/>
      <def no ="command"/>
      <def no ="parameter"/>
      <def no ="commentline"/>
      <def no ="string"/>
      <def no ="stringeol"/>
      <def no ="identifier"/>
      <def no ="operator"/>
      <def no ="number"/>
      <def no ="constant"/>
    </def>
    
    <def name = "specman">
      <def no ="default"/>
      <def no ="code"/>
      <def no ="commentline"/>
      <def no ="commentlinebang"/>
      <def no ="number"/>
      <def no ="word"/>
      <def no ="string"/>
      <def no ="word2"/>
      <def no ="word3"/>
      <def no ="preprocessor"/>
      <def no ="operator"/>
      <def no ="identifier"/>
      <def no ="stringeol"/>
      <def no ="regextag"/>
      <def no ="signal"/>
      <def no ="user"> 19 </def>
    </def>
    
    <def name = "spice">
      <def no ="default"/>
      <def no ="identifier"/>
      <def no ="keyword"/>
      <def no ="keyword2"/>
      <def no ="keyword3"/>
      <def no ="number"/>
      <def no ="delimiter"/>
      <def no ="value"/>
      <def no ="commentline"/>
    </def>
    
    <def name = "sql">
      <def no ="default"/>
      <def no ="comment"/>
      <def no ="commentline"/>
      <def no ="commentdoc"/>
      <def no ="number"/>
      <def no ="word"/>
      <def no ="string"/>
      <def no ="character"/>
      <def no ="sqlplus"/>
      <def no ="sqlplus_prompt"/>
      <def no ="operator"/>
      <def no ="identifier"/>
      <def no ="sqlplus_comment"> 13 </def>
      <def no ="commentlinedoc"> 15 </def>
      <def no ="word2"/>
      <def no ="commentdockeyword"/>
      <def no ="commentdockeyworderror"/>
      <def no ="user1"/>
      <def no ="user2"/>
      <def no ="user3"/>
      <def no ="user4"/>
      <def no ="quotedidentifier"/>
    </def>
    
    <def name = "tads3">
      <def no ="default"/>
      <def no ="x_default"/>
      <def no ="preprocessor"/>
      <def no ="block_comment"/>
      <def no ="line_comment"/>
      <def no ="operator"/>
      <def no ="keyword"/>
      <def no ="number"/>
      <def no ="identifier"/>
      <def no ="s_string"/>
      <def no ="d_string"/>
      <def no ="x_string"/>
      <def no ="lib_directive"/>
      <def no ="msg_param"/>
      <def no ="html_tag"/>
      <def no ="html_default"/>
      <def no ="html_string"/>
      <def no ="user1"/>
      <def no ="user2"/>
      <def no ="user3"/>
      <def no ="brace"/>
    </def>
    
    <def name = "tcl">
      <def no ="default"/>
      <def no ="comment"/>
      <def no ="commentline"/>
      <def no ="number"/>
      <def no ="word_in_quote"/>
      <def no ="in_quote"/>
      <def no ="operator"/>
      <def no ="identifier"/>
      <def no ="substitution"/>
      <def no ="brace"/>
      <def no ="modifier"/>
      <def no ="expand"/>
      <def no ="word"/>
      <def no ="word2"/>
      <def no ="word3"/>
      <def no ="word4"/>
      <def no ="word5"/>
      <def no ="word6"/>
      <def no ="word7"/>
      <def no ="word8"/>
      <def no ="box"/>
      <def no ="block_comment"/>
    </def>
    
    <def name = "tcmd">
      <def no ="comment"/>
      <def no ="word"/>
      <def no ="label"/>
      <def no ="hide"/>
      <def no ="command"/>
      <def no ="identifier"/>
      <def no ="operator"/>
      <def no ="environment"/>
      <def no ="expansion"/>
      <def no ="clabel"/>
    </def>

    <def name = "tex">
      <def no ="default"/>
      <def no ="special"/>
      <def no ="group"/>
      <def no ="symbol"/>
      <def no ="command"/>
      <def no ="text"/>
    </def>
    
    <def name = "txt2tags">
      <def no ="default"/>
      <def no ="line_begin"/>
      <def no ="strong1"/>
      <def no ="strong2"/>
      <def no ="em1"/>
      <def no ="em2"/>
      <def no ="header1"/>
      <def no ="header2"/>
      <def no ="header3"/>
      <def no ="header4"/>
      <def no ="header5"/>
      <def no ="header6"/>
      <def no ="prechar"/>
      <def no ="ulist_item"/>
      <def no ="olist_item"/>
      <def no ="blockquote"/>
      <def no ="strikeout"/>
      <def no ="hrule"/>
      <def no ="link"/>
      <def no ="code"/>
      <def no ="code2"/>
      <def no ="codebk"/>
      <def no ="comment"/>
      <def no ="option"/>
      <def no ="preproc"/>
      <def no ="postproc"/>
    </def>

    <def name = "vb">
    <!-- , vbscript, powerbasic -->
      <def no ="default"/>
      <def no ="comment"/>
      <def no ="number"/>
      <def no ="keyword"/>
      <def no ="string"/>
      <def no ="preprocessor"/>
      <def no ="operator"/>
      <def no ="identifier"/>
      <def no ="date"/>
      <def no ="stringeol"/>
      <def no ="keyword2"/>
      <def no ="keyword3"/>
      <def no ="keyword4"/>
      <def no ="constant"/>
      <def no ="asm"/>
      <def no ="label"/>
      <def no ="error"/>
      <def no ="hexnumber"/>
      <def no ="binnumber"/>
    </def>
    
    <def name = "verilog">
      <def no ="default"/>
      <def no ="comment"/>
      <def no ="commentline"/>
      <def no ="commentlinebang"/>
      <def no ="number"/>
      <def no ="word"/>
      <def no ="string"/>
      <def no ="word2"/>
      <def no ="word3"/>
      <def no ="preprocessor"/>
      <def no ="operator"/>
      <def no ="identifier"/>
      <def no ="stringeol"/>
      <def no ="user"/>
    </def>
    
    <def name = "vhdl">
      <def no ="default"/>
      <def no ="comment"/>
      <def no ="commentlinebang"/>
      <def no ="number"/>
      <def no ="string"/>
      <def no ="operator"/>
      <def no ="identifier"/>
      <def no ="stringeol"/>
      <def no ="keyword"/>
      <def no ="stdoperator"/>
      <def no ="attribute"/>
      <def no ="stdfunction"/>
      <def no ="stdpackage"/>
      <def no ="stdtype"/>
      <def no ="userword"/>
    </def>
    
    <def name = "visualprolog">
      <def no ="default"/>
      <def no ="key_major"/>
      <def no ="key_directive"/>
      <def no ="comment_block"/>
      <def no ="comment_line"/>
      <def no ="comment_key"/>
      <def no ="comment_key_error"/>
      <def no ="identifier"/>
      <def no ="variable"/>
      <def no ="anonymous"/>
      <def no ="number"/>
      <def no ="operator"/>
      <def no ="character"/>
      <def no ="character_too_many"/>
      <def no ="character_escape_error"/>
      <def no ="string"/>
      <def no ="string_escape"/>
      <def no ="string_escape_error"/>
      <def no ="string_eol_open"/>
      <def no ="string_verbatim"/>
      <def no ="string_verbatim_special"/>
      <def no ="string_verbatim_eol"/>
    </def>
    
    <def name = "yaml">
      <def no ="default"/>
      <def no ="comment"/>
      <def no ="identifier"/>
      <def no ="keyword"/>
      <def no ="number"/>
      <def no ="reference"/>
      <def no ="document"/>
      <def no ="text"/>
      <def no ="error"/>
      <def no ="operator"/>
    </def>
    
    <!-- These are the themes, including style macro's and colours. -->
    <themes>
      <!-- The studio theme, resembles Visual Studio -->
      <theme name = "studio">
        <def style ="attribute"> fore:steel blue </def>
        <def style ="bracelight"> back:yellow,fore:black</def>
        <def style ="char"> fore:pink </def>
        <def style ="command"> fore:steel blue </def>
        <def style ="comment"> fore:forest green,italic,eol </def>
        <def style ="error"> fore:red,italic,eol </def>
        <def style ="folder"> light blue </def>
        <def style ="identifier"> fore:black</def>
        <def style ="label"> fore:medium slate blue,italic </def>
        <def style ="number"> fore:red </def>
        <def style ="operator"> fore:brown </def>
        <def style ="preprocessor"> fore:grey </def>
        <def style ="processor"> fore:dark grey </def>
        <def style ="string"> fore:blue </def>
        <def style ="styledefault"> default-font,back:white,fore:black </def>
        <def style ="styleindicatorfind"> red </def>
        <def style ="tag"> fore:dark slate blue </def>
        <def style ="variable"> fore:violet </def>
        <def style ="word"> fore:dark turquoise </def>
        
        <colour name="caretforeground"> black </colour>
        <colour name="caretlinebackground"> light grey </colour>
        <colour name="edge"> light blue </colour>
        <colour name="selforeground"> white </colour>
        <colour name="selbackground"> green </colour>
      </theme>
      
      <!-- The torte theme, resembles vi torte -->
      <theme name = "torte">
        <def style ="attribute"> fore:green </def>
        <def style ="bracelight"> back:blue,fore:white</def>
        <def style ="char"> fore:pink </def>
        <def style ="command"> fore:steel blue </def>
        <def style ="comment"> fore:#80a0ff,italic,eol </def>
        <def style ="error"> fore:red,italic,eol </def>
        <def style ="folder"> light blue </def>
        <def style ="identifier"> fore:white</def>
        <def style ="label"> fore:medium slate blue,italic </def>
        <def style ="number"> fore:red </def>
        <def style ="operator"> fore:white </def>
        <def style ="preprocessor"> fore:grey </def>
        <def style ="processor"> fore:dark grey </def>
        <def style ="string"> fore:#ffab8f </def>
        <def style ="styledefault"> default-font,back:black,fore:#BBBBBB </def>
        <def style ="styleindicatorfind"> red </def>
        <def style ="tag"> fore:cadet blue </def>
        <def style ="variable"> fore:violet </def>
        <def style ="word"> fore:yellow </def>
        
        <colour name="caretforeground"> white </colour>
        <colour name="caretlinebackground"> dim grey </colour>
        <colour name="edge"> dim grey </colour>
        <colour name="selforeground"> black </colour>
        <colour name="selbackground"> green </colour>
      </theme>
    </themes>
  </macro>
  
  <global>
  <!--
   At this moment <style>, <indicator>, <marker>, <hex> and <properties> 
   attributes are supported.  
   The marker element has a 'no' attribute and its value contains the next fields:
   <marker symbol number><','><foreground colour><','><background colour>
   -->
    <marker no="marknum_folderend"> mark_plus,folder </marker>
    <marker no="marknum_folderopenmid"> mark_minus,folder </marker>
    <marker no="marknum_foldermidtail"> mark_tcornercurve,folder,folder</marker>
    <marker no="marknum_foldertail"> mark_lcornercurve,folder,folder </marker>
    <marker no="marknum_foldersub"> mark_vline,folder,folder</marker>
    <marker no="marknum_folder"> mark_plus,folder </marker>
    <marker no="marknum_folderopen"> mark_minus,folder </marker>
    
    <marker no="ex_marknum_change">mark_fullrect,green,light blue</marker>
    <marker no="ex_marknum_vi"> mark_circle,blue,turquoise </marker>
    
    <indicator no="0"> indic_box,styleindicatorfind </indicator>
    
    <!-- this style is applied before all other styles -->
    <style no="style_default"> styledefault </style>
    
    <style no="style_bracelight"> bracelight </style>
    <hex no="style_bracelight"> back:red </hex>
    
    <properties>
      <property name="fold"> 1 </property>
      <property name="fold.compact"> 1 </property>
    </properties>
  </global>
  
  <!--
   Each <lexer> has a name attribute (scintilla lexer). 
   In addition it might contain the next attributes:
   1) extensions. File extensions for files to be associated with this lexer.
      Extensions are separated by a semicolon (;).
      The extensions appear in the file open dialogs.
   2) macro. The macro attribute specifies the 'no' macro
      used for matching with the 'style' macro.
   3) display. Use if you want to use a certain lexer,
      but show it under a different name (see c sharp).
   Furthermore it might contain the next tags:
   1) <styles>. Colouring styles for this lexer. 
      The attribute 'no' contains the scintilla styles.
      This attribute lists all styles that will have the style specifier that 
      follows, separated by a comma sign (,).
      The value contains the scintilla style specifier. 
      It can have the next values:
      bold turns on bold
      italic turns on italics
      fore:[name or #RRGGBB] sets the foreground colour
      back:[name or #RRGGBB] sets the background colour
      face:[facename] sets the font face name to use
      size:[num] sets the font size in points
      eol turns on eol filling
      underline turns on underlining
      It can also have the default-font value which is kept in the config
      and can be set using options edit, and substitutes face and size.
   2) <keywords>. Keywords for this lexer. Default they are in set 0, but you can 
      explicitly express the set by adding :<setno> after the keyword.
   3) <properties>. Properties for this lexer. This field
      is built of two fields, separated by an equal sign (=).
      The first field contains the scintilla property key.
      The second field contains the scintilla property value. 
   4) A <comments> element.
   -->
  
  <lexer name="a68k"/>
  <lexer name="abaqus"/> 
  <lexer name="ada" extensions="*.a">
    <!--
    ada folding is supported using next ada lexer:
    http://dlchnr.dl.funpic.de/in/LexAdaFF.zip   
    You have to put it in the 
    wxWidgets-3.0.x\src\stc\scintilla\lexers
    folder and rename it into LexAda, and rebuild wxWidgets
    -->
    <properties>
      <property name="fold.ada.comment.multiline"> 1 </property>
    </properties>
    <keywords>    
      abort abs abstract accept access aliased all and array at
      begin body case constant declare delay delta digits do else elsif
      end entry exception exit for function generic goto if in interface
      is limited loop mod new not null of or others out
      overriding package pragma private procedure protected raise range record 
      rem renames requeue return reverse
      select separate some subtype synchronized tagged task terminate then type 
      until use when while with xor
    </keywords>    
    <comments begin1="--" />
  </lexer>
  <lexer name="apdl"/>
  <lexer name="asm" extensions="*.mac">
    <styles>
      <style no="cpuinstruction"> word </style>
      <style no="mathinstruction"> italic </style>
      <style no="register"> fore:blue </style>
      <style no="directive"> italic </style>
      <style no="commentblock"> underline </style>
    </styles>
    <keywords>    
      adc adcb add ash ashc asl aslb asr asrb bcc bcs beq bge bgt bhi bhis bic 
      bicb bis bisb bit bitb ble blo blos blt
      bmi bne bpl bpt br bvc bvs clr clrb c ccc clc cln clv clz cmp cmpb com comb 
      csm dec decb df div emt halt inc
      incb iot jmp jsr mark mfpd mfps mfpt mov movb mtpd mtpi mtps mul neg negb 
      nop reset rol rolb ror rorb rti rts 
      rtt sbc sbcb s scc sec sen sev sez sob spl sub swab sxt trap tst tstb 
      tstset wait wrtlck xor
      .ascii .asciz .asect .blkb .byte .cross .csect .dsabl .enabl .end .endc 
      .even .flt2 .flt4 .globl .ident .if 
      .iff .ift .iftf .iif .include .library .limit .list .nlist .nocross .odd 
      .packed .page .psect .rad50 .radix .rem 
      .restore .sbttl .title .weak .word
      mn so do pc ms cc sp r1 r2 r3 r4 r5
    </keywords>
    <comments begin1=";" />
  </lexer>
  <lexer name="asn1"/>
  <lexer name="asp" macro="hypertext"/> 
  <lexer name="asy"/>
  <lexer name="au3"/>
  <lexer name="ave"/>
  <lexer name="avs"/>
  <lexer name="baan"/>
  <lexer name="bash" extensions="*.bash;.bash*;*.sh;Doxyfile"> 
    <keywords>    
      alias bg case cd cp diff do done echo elif else esac exit export fg fi find 
      for function
      help history if in jobs kill logout mount pwd rm select set sleep source 
      tail test then time ulimit umount umask unalias unset until while
    </keywords>
    <comments begin1="#" />
  </lexer>
  <lexer name="batch" extensions="*.bat"/>
  <lexer name="blitzbasic" macro="vb"/>
  <lexer name="bullant"/>
  <lexer name="caml"/>
  <lexer name="clarion"/>
  <lexer name="clarionnocase" macro="clarion"/>
  <lexer name="cmake" extensions="CMakeLists.txt;*.cmake"/>
  <lexer name="COBOL" macro="cpp">
    <keywords>
      configuration data declaratives division environment environment-division file 
      file-control function i-o i-o-control identification input input-output linkage 
      local-storage output procedure program program-id receive-control section 
      special-names working-storage
    </keywords>
  </lexer>
  <lexer name="coffeescript"/>
  <lexer name="conf"/>
  <lexer display="c#" name="cpp" extensions="*.cs">
    <keywords>
      abstract  as        base       bool      break
      Byte      case      catch      char      checked
      class     const     continue   decimal   default
      delegate  do        double     else      enum
      event     explicit  extern     false     finally
      fixed     float     for        foreach   goto
      if        implicit  in         int       interface
      internal  is        lock       long      namespace
      new       null      object     operator  out
      override  params    private    protected public
      readonly  ref       return     sbyte     sealed
      short     sizeof    stackalloc static    string
      struct    switch    this       throw     true
      try       typeof    uint       ulong     unchecked
      unsafe    ushort    using      virtual   volatile
      void      while    
    </keywords>
  </lexer>
  <lexer name="cpp" extensions="*.cpp;*.c;*.cc;*.h;*.hpp;*.inl;*.cxx;*.l;*.y">
    <properties>
      <property name="lexer.cpp.track.preprocessor"> 0 </property>
      <property name="fold.comment"> 1 </property>
      <property name="fold.preprocessor"> 0 </property>
    </properties>
    <keywords>
      argc:0 argv:0 auto:0 bool:0 break:0 case:0 catch:0 char:0 class:0 const:0
      const_cast:0 continue:0 default:0 delete:0 do:0 double:0 dynamic_cast:0
      else:0 enum:0 envp:0 explicit:0 extern:0 false:0 float:0 for:0 friend:0
      fstream:0 goto:0 if:0 inline:0 int:0 istream:0 istrstream:0 istringstream:0
      long:0 main:0 mutable:0 namespace:0 new:0 operator:0 ostream:0 ostrstream:0
      ostringstream:0 private:0 protected:0 public:0 register:0 reinterpret_cast:0
      return:0 short:0 signed:0 sizeof:0 static:0 static_cast:0 struct:0 switch:0
      template:0 this:0 throw:0 true:0 try:0 typedef:0 typeid:0 typename:0
      union:0 unsigned:0 using:0 virtual:0 void:0 volatile:0 wchar_t:0 while:0 
      wmain:0
      adjacent_find:1 array:1 at:1 back:1 back_insert_iterator:1 begin:1 
      binary_search:1
      bind1st:1 bind2nd:1 bitset:1 capacity:1 clear:1 const_iterator:1 copy:1 
      copy_backward:1
      count:1 count_if:1 deque:1 divides:1 empty:1 end:1 equal:1 equal_range:1 
      equal_to:1
      erase:1 fill:1 fill_n:1 find:1 find_end:1 find_first_of:1 find_if:1 
      for_each:1
      front:1 front_insert_iterator:1 generate:1 generate_n:1 get_allocator:1 
      greater:1
      greater_equal:1 includes:1 inplace_merge:1 insert:1 istream_iterator:1 
      istreambuf_iterator:1 iter_swap:1 iterator:1 less:1 less_equal:1 
      lexicographical_compare:1
      list:1 logical_and:1 logical_not:1 logical_or:1 lower_bound:1 make_heap:1 
      make_pair:1
      map:1 max:1 max_element:1 max_size:1  mem_fun:1 mem_fun_ref:1 merge:1
      min:1 min_element:1 minus:1 mismatch:1 modulus:1 multimap:1 multiplies:1 
      multiset:1
      negate:1 next_permutation:1 not1:1 not2:1 not_equal_to:1 nth_element:1
      ostream_iterator:1 ostreambuf_iterator:1
      partial_sort:1 partial_sort_copy:1 partition:1
      plus:1 pop_back:1 pop_front:1 pop_heap:1 prev_permutation:1 priority_queue:1
      ptr_fun:1 push_back:1 push_front:1 push_heap:1 queue:1
      random_shuffle:1 rbegin:1 remove:1 remove_copy:1 remove_copy_if:1 
      remove_if:1
      rend:1 replace:1 replace_copy:1 replace_copy_if:1 replace_if:1 reserve:1
      reserve_copy:1 resize:1 reverse:1 reverse_iterator:1 rotate:1 rotate_copy:1
      search:1 search_n:1 set:1
      set_difference:1 set_intersection:1 set_symmetric_difference:1 set_union:1
      size:1 sort:1 sort_heap:1 stable_partition:1 stable_sort:1 stack:1 string:1
      swap:1 swap_ranges:1 transform:1 unique:1 unique_copy:1 upper_bound:1 
      valarray:1 vector:1
    </keywords>
    <comments begin1="//" begin2="/*" end2="*/" />
  </lexer>
  <lexer name="cppnocase" macro="cpp"/>
  <lexer name="csound"/>
  <lexer name="css"/>
  <lexer name="d"/> 
  <lexer name="diff">
    <styles>
    <style no="header"> fore:blue </style>
    <style no="position"> fore:brown </style>
    <style no="deleted"> fore:red </style>
    <style no="added"> fore:lime green </style>
    <style no="changed"> fore:yellow </style>
    </styles>
  </lexer>
  <lexer name="ecl"/>
  <lexer name="eiffel"/>
  <lexer name="eiffelkw" macro="eiffel"/>
  <lexer name="erlang"/>
  <lexer name="errorlist"/>
  <lexer name="escript"/>
  <lexer name="flagship"/>
  <lexer name="forth"/>
  <lexer name="fortran"/>
  <lexer name="f77" macro="fortran"/>
  <lexer name="freebasic" macro="vb"/>
  <lexer name="gap"/>
  <lexer name="gui4cli"/>
  <lexer name="haskell"/>
  <lexer name="hypertext" extensions="*.htm;*.html">
    <styles>
      <style no="tag"> tag </style>
      <style no="tagend"> tag </style>
      <style no="tagunknown"> error </style>
      <style no="attributeunknown"> error </style>
      <style no="question"> fore:#0000ff,back:#ffefbf </style>
      <style no="value"> fore:#ff00ff,back:#ffefff </style>
      <style no="hphp_default"> fore:green,eol </style>
      <style no="hphp_hstring"> fore:#007f00,back:#fff8f8 </style>
      <style no="hphp_simplestring"> fore:#009f00,back:#fff8f8 </style>
      <style no="hphp_word"> fore:#7f007f,italic,back:#fff8f8 </style>
      <style no="hphp_number"> fore:#cc9900,back:#fff8f8 </style>
      <style no="hphp_hstring_variable"> fore:#007f00,italic,back:#fff8f8 </style>
      <style no="hphp_operator"> fore:#000000,back:#fff8f8 </style>
      <style no="hphp_comment"> fore:green </style>
      <style no="hphp_commentline"> fore:green </style>
    </styles>
    <properties>
      <property name="fold.html"> 1 </property>
      <!-- Default Language 1 for JS, 2 for VBS, 3 for python -->
      <property name="asp.default.language"> 1 </property>
    </properties>
  </lexer>
  <lexer name="inno"/>
  <lexer display="java" name="cpp" extensions="*.java">
    <keywords>
      abstract assert boolean break byte case catch char class
      const continue default do double else enum extends final finally float for
      goto if implements import instanceof int interface long
      native new package private protected public
      return short static strictfp super switch synchronized this throw throws
      transient try var void volatile while
    </keywords>
  </lexer>
  <lexer name="kix"/>
  <lexer name="latex"/>
  <lexer name="lisp"/>
  <lexer name="lot"/>
  <lexer name="lout"/>
  <lexer name="lua"/>
  <lexer name="magik"/>
  <lexer name="makefile" extensions="Makefile;*makefile;makefile*.*;*.pro">
    <comments begin1="#"/>
  </lexer>
  <lexer name="markdown" extensions="*.md">
    <styles>
      <style no="strong1"> fore:yellow,bold </style>
      <style no="strong2"> fore:green,bold </style>
      <style no="em1"> fore:yellow,italic </style>
      <style no="em2"> fore:green,italic </style>
      <style no="header1"> size:14,fore:yellow,bold,eol </style>
      <style no="header2"> size:12,fore:yellow,bold,eol </style>
      <style no="header3"> fore:yellow,bold,eol </style>
      <style no="header4"> fore:yellow,bold,eol </style>
      <style no="header5"> fore:yellow,bold,eol </style>
      <style no="header6"> fore:yellow,bold,eol </style>
      <style no="ulist_item"> fore:green </style>
      <style no="olist_item"> fore:green </style>
      <style no="link"> fore:green,italic </style>
      <style no="code"> fore:blue </style>
      <style no="code2"> fore:blue </style>
      <style no="codebk"> fore:blue </style>
    </styles>
  </lexer>
  
  <lexer name="matlab"/>
  <lexer name="metapost"/>
  <lexer name="mmixal"/>
  <lexer name="modula"/>
  <lexer name="mssql"/>
  <lexer name="mysql"/>
  <lexer name="nimrod" macro="python"/>
  <lexer name="nncrontab"/>
  <lexer name="nsis"/>
  <lexer name="octave" macro="matlab"/>
  <lexer name="opal"/>
  <lexer name="oscript"/>
  <lexer name="pascal" extensions="*.pas">
    <properties>
      <property name="fold.comment"> 1 </property>
    </properties>
    <keywords>    
      absolute abstract and array as asm assembler automated begin case cdecl 
      class const constructor contains default destructor dispid dispinterface 
      div do downto dynamic else end except export exports external far file 
      finalization finally for forward function goto if implementation 
      implements in index inherited initialization inline interface
      is label library message mod name near nil nodefault not object of or out 
      overload
      override package packed pascal private procedure program property protected 
      public published raise
      read readonly record register reintroduce repeat requires resident 
      resourcestring safecall set
      shl shr stdcall stored string then threadvar to try type unit until uses var
      virtual while with write writeln writeonly xor boolean char integer real
    </keywords>
    <comments begin1="(*" end1="*)" begin2="{" end2="}"/>
  </lexer>
  <lexer name="perl" extensions="*.pl">
    <keywords>
      abs accept 
      alarm and atan2 bind binmode bless caller chdir chmod chomp chop 
      chown chr chroot close closedir cmp connect continue cos crypt 
      dbmclose dbmopen defined delete die do dump each else elsif endgrent 
      endhostent endnetent endprotoent endpwent endservent eof eq eval 
      exec exists exit exp fcntl fileno flock for foreach fork format 
      formline ge getc getgrent getgrgid getgrnam gethostbyaddr gethostbyname 
      gethostent getlogin getnetbyaddr getnetbyname getnetent getpeername 
      getpgrp getppid getpriority getprotobyname getprotobynumber getprotoent 
      getpwent getpwnam getpwuid getservbyname getservbyport getservent 
      getsockname getsockopt glob gmtime goto grep gt hex if index 
      int ioctl join keys kill last lc lcfirst le length link listen 
      local localtime lock log lstat lt map mkdir msgctl msgget msgrcv 
      msgsnd my ne next no not oct open opendir or ord our pack package 
      pipe pop pos print printf prototype push quotemeta qu 
      rand read readdir readline readlink readpipe recv redo 
      ref rename require reset return reverse rewinddir rindex rmdir 
      scalar seek seekdir select semctl semget semop send setgrent 
      sethostent setnetent setpgrp setpriority setprotoent setpwent 
      setservent setsockopt shift shmctl shmget shmread shmwrite shutdown 
      sin sleep socket socketpair sort splice split sprintf sqrt srand 
      stat study sub substr symlink syscall sysopen sysread sysseek 
      system syswrite tell telldir tie tied time times truncate 
      uc ucfirst umask undef unless unlink unpack unshift untie until 
      use utime values vec wait waitpid wantarray warn while write 
      xor given when default say state
    </keywords>
  </lexer>
  <lexer name="PL/M"/>
  <lexer name="php" macro="hypertext"/> 
  <lexer name="phpscript" macro="hypertext"/> 
  <lexer name="po" extensions="*.po">
    <styles>
      <style no ="msgid"> word </style>
      <style no ="msgstr"> word </style>
      <style no ="fuzzy"> fore:yellow </style>
    </styles>
    <keywords>    
      msgid msgstr
    </keywords>
  </lexer>
  <lexer name="pov"/>
  <lexer name="powerbasic" macro="vb"/>
  <lexer name="powerpro"/>
  <lexer name="powershell"/>
  <lexer name="progress"/>
  <lexer name="props" extensions="*.ini;*.conf">
    <styles>
    <style no="section"> fore:blue </style>
    <style no="assignment"> fore:brown </style>
    <style no="defval"> fore:red </style>
    <style no="key"> fore:grey </style>
    </styles>
  </lexer>
  <lexer name="ps"/>
  <lexer name="purebasic" macro="vb"/>
  <lexer name="python" extensions="*.py">
    <styles>
      <style no="triple"> comment </style>
      <style no="tripledouble"> comment </style>
    </styles>
    <keywords>
      and as assert break class continue def del elif 
      else except exec finally for from global if import in is lambda None 
      not or pass print raise return try while with yield
    </keywords>
    <comments begin1="#"/>
  </lexer>
  <lexer name="r"/>
  <lexer name="rebol"/>
  <lexer display="rfw" name="bash" extensions="TCS*.txt"> 
    <keywords> 
      Library Resource Variables Documentation Metadata Setup Suite Teardown 
      Precondition Postcondition Force Tags
      Default Test Template Timeout
    </keywords>
    <comments begin1="#" />
  </lexer>
  <lexer name="ruby"/>
  <lexer name="scriptol"/>
  <lexer name="smalltalk"/>
  <lexer name="SML"/>
  <lexer name="sorcins"/>
  <lexer name="specman"/>
  <lexer name="spice"/>
  <lexer name="sql" extensions="*.sql">
    <keywords>    
    <!-- First line added manually -->
    <!-- Copied from scite, v1.68. -->
      auto_increment comment index exists
      absolute action add admin after aggregate
      alias all allocate alter and any are array as asc
      assertion at authorization
      before begin binary bit blob boolean both breadth by
      call cascade cascaded case cast catalog char character
      check class clob close collate collation column commit
      completion connect connection constraint constraints
      constructor continue corresponding create cross cube current
      current_date current_path current_role current_time current_timestamp
      current_user cursor cycle
      data date day deallocate dec decimal declare default
      deferrable deferred delete depth deref desc describe descriptor
      destroy destructor deterministic dictionary diagnostics disconnect
      distinct domain double drop dynamic
      each else end end-exec equals escape every except
      exception exec execute external
      false fetch first float for foreign found from free full
      function general get global go goto grant group grouping
      having host hour identity if ignore immediate in indicator initialize 
      initially inner inout input insert int integer intersect interval
      into is isolation iterate
      join key language large last lateral leading left less level like
      limit local localtime localtimestamp locator
      map match minute modifies modify module month
      names national natural nchar nclob new next no none
      not null numeric object of off old on only open operation option
      or order ordinality out outer output
      pad parameter parameters partial path postfix precision prefix
      preorder prepare preserve primary
      prior privileges procedure public
      read reads real recursive ref references referencing relative
      restrict result return returns revoke right
      role rollback rollup routine row rows
      savepoint schema scroll scope search second section select
      sequence session session_user set sets size smallint some| space
      specific specifictype sql sqlexception sqlstate sqlwarning start
      state statement static structure system_user
      table temporary terminate than then time timestamp
      timezone_hour timezone_minute to trailing transaction translation
      treat trigger true under union unique unknown
      unnest update usage user using value values varchar variable varying view
      when whenever where with without work write year zone
    </keywords>
    <comments begin1="--" />
  </lexer>
  <lexer name="TACL" macro="cpp"/>
  <lexer name="tads3"/>
  <lexer name="TAL" macro="cpp"/>
  <lexer name="tcl" extensions="*.tcl"/>
  <lexer name="tcmd"/>
  <lexer name="tex"/>
  <lexer name="txt2tags"/>
  <lexer name="vb"/>
  <lexer name="vbscript" macro="vb"/>
  <lexer name="verilog"/>
  <lexer name="vhdl"/>
  <lexer name="visualprolog"/>
  <lexer display="xml" name="hypertext">
    <styles>
      <style no="tag"> tag </style>
      <style no="tagend"> tag </style>
      <style no="tagunknown"> error </style>
      <style no="attributeunknown"> error </style>
      <style no="xmlstart,xmlend"> fore:red </style>
    </styles>
    <properties>
      <property name="fold.html"> 1 </property>
    </properties>
    <!-- xml comments cannot be added, but don't need to, 
         they are added in the source -->
  </lexer>
  <lexer name="yaml" extensions="*.yml"/>
 
</lexers>
