<?xml version="1.0" encoding="UTF-8"?>
<!--
Name:      macros.xml
Purpose:   vi macros and variables for wxExtension.
Author:    Anton van Wezenbeek
Copyright: (c) 2012, Anton van Wezenbeek

Both variables and macros have a "name" attribute, you call them
from vi mode using @name@. If the name is a single character c, you can call it
using @c. From vi you can record a macro using q followed by a letter,
and ending with a q as well.

Each macro can have several commands.  

Variables are expanded when playing back the macro. 
- A variable can have a "type" attribute.
  The next "type" values are supported:
  - BUILTIN:     
    Expansion is done using internal value, so you cannot add your own.
  - ENVIRONMENT: 
    Expansion is done using environment value, you can add your own,
    as long as they are part of the environment variables.
  - INPUT:       
    Expansion is done by asking value from user. You can add your own.
  - INPUT-ONCE:  
    Expansion is done by asking value from user, value is saved.
    The next time this value is used for expansion, no input is asked for.
    You can add your own.
  - INPUT-SAVE:  
    Expansion is done by asking value from user, value is saved.
    You can add your own.
    This is the default value when you add your own variable from vi.
  - TEMPLATE:
    Expansion is done by reading the value from a template file. This
    file is specified in the contents of the node. In the file you
    can use macro variables as well.
  
  If you do not specify this attribute, then the variable is expanded
  to the xml contents as specified here.
  
- A variable can have a "prefix" attribute. 
  This attribute causes a comment line to be generated that is prefixed with
  the value of this attribute, according to the "type" attribute.
  
Comments you add within xml elements are not saved when you edit macros.
-->
<macros>
  <!-- BUILTIN type -->
  <!-- Expands to Comment Begin according to current lexer -->
  <variable name="cb"               type="BUILTIN"/>
  <!-- Expands to Comment Complete according to current lexer -->
  <variable name="cc"               type="BUILTIN"/>
  <!-- Expands to Comment End according to current lexer -->
  <variable name="ce"               type="BUILTIN"/>
  <!-- Expands to Comment Line according to current lexer -->
  <variable name="cl"               type="BUILTIN"/>
  <!-- Expands to creation date current filename -->
  <variable name="created"          type="BUILTIN"/>
  <!-- Expands to current date -->
  <variable name="date"             type="BUILTIN"/>
  <!-- Expands to current datetime -->
  <variable name="datetime"         type="BUILTIN"/>
  <!-- Expands to current filename without extension-->
  <variable name="filename"         type="BUILTIN"/>
  <!-- Expands to current filename -->
  <variable name="fullname"         type="BUILTIN"/>
  <!-- Expands to current filename fullpath -->
  <variable name="fullpath"         type="BUILTIN"/>
  <!-- Expands to new line according to current document type -->
  <variable name="nl"               type="BUILTIN"/>
  <!-- Expands to current filename path only -->
  <variable name="path"             type="BUILTIN"/>
  <!-- Expands to current time -->
  <variable name="time"             type="BUILTIN"/>
  <!-- Expands to current year -->
  <variable name="year"             type="BUILTIN"/>
  
  <!-- ENVIRONMENT type -->
  <variable name="HOME"             type="ENVIRONMENT"/>
  
  <!-- INPUT-ONCE type -->
  <variable name="author"           type="INPUT-ONCE"/>
  <variable name="copyright"        type="INPUT-ONCE"/>
  <variable name="AUTHOR"           type="INPUT-ONCE" prefix="Author:    "/>

  <!-- INPUT-SAVE type -->
  <variable name="PURPOSE"          type="INPUT-SAVE" prefix="Purpose:   "/>
  
  <!-- TEMPLATE type -->
  <!-- A C Header Template -->  
  <variable name="cht"              type="TEMPLATE">cht.txt</variable>
  
  <macro name="hdr">
    <command>g</command>
    <command>O</command>
    <command>$!27!</command>
    <command>@cl@</command>
    <command>o</command>
    <command>$!27!</command>
    <command>@cb@</command>
    <command>i Name:      </command>
    <command>$!27!</command>
    <command>@fullname@</command>
    <command>@cc@</command>
    <command>o</command>
    <command>$!27!</command>
    <command>@PURPOSE@</command>
    <command>o</command>
    <command>$!27!</command>
    <command>@AUTHOR@</command>
    <command>o</command>
    <command>$!27!</command>
    <command>@cb@</command>
    <command>i Copyright: (c) </command>
    <command>$!27!</command>
    <command>@year@</command>
    <command>i </command>
    <command>$!27!</command>
    <command>@copyright@</command>
    <command>@cc@</command>
    <command>o</command>
    <command>$!27!</command>
    <command>@cl@</command>
    <command>o</command>
    <command>$!27!</command>
  </macro>
</macros>
