<?xml version="1.0" encoding="UTF-8"?>
<!--
Name:      macros.xml
Purpose:   vi macros and variables for wxextension.
Author:    Anton van Wezenbeek
Copyright: (c) 2012, Anton van Wezenbeek

Both variables and names have a "name" attribute, you call the macro
from vi mode using @name@. If the name is a single character c, you can call it
using @c.

Each macro can have several commands, a 
command is encoded if the content refers to a
control character.  

Variables are expanded when playing back the macro. 
- A variable can have a "type" attribute.
  The next "type" values are supported:
  - BUILTIN:     
    Expansion is done using internal value, so you cannot add your own.
  - ENVIRONMENT: 
    Expansion is done using environment value, you can add your own,
    as long as they are part of the environment variables.
  - INPUT:       
    Expansion is done by asking value from user. You can add your own.
  - INPUT-SAVE:  
    Expansion is done by asking value from user, value is saved.
    The next time this value is used for expansion, no input is asked for.
    You can add your own.
  - TEMPLATE:
    Expansion is done by reading the value from a template file. This
    file is specified in the contents of the node. In the file you
    can use macro variables as well.
  
  If you do not specify this attribute, then the variable is expanded
  to the xml contents as specified here.
  
- A variable can have a "prefix" attribute. 
  This attribute causes a comment line to be generated that is prefixed with
  the value of this attribute, according to the "type" attribute.
-->
<macros>
  <!-- BUILTIN type -->
  <!-- Expands to Comment Begin according to current lexer -->
  <variable name="CB"               type="BUILTIN"/>
  <!-- Expands to Comment Complete according to current lexer -->
  <variable name="CC"               type="BUILTIN"/>
  <!-- Expands to Comment End according to current lexer -->
  <variable name="CE"               type="BUILTIN"/>
  <!-- Expands to Comment Line according to current lexer -->
  <variable name="CL"               type="BUILTIN"/>
  <!-- Expands to creation date current filename -->
  <variable name="CREATED"          type="BUILTIN"/>
  <!-- Expands to current date -->
  <variable name="DATE"             type="BUILTIN"/>
  <!-- Expands to current datetime -->
  <variable name="DATETIME"         type="BUILTIN"/>
  <!-- Expands to current filename without extension-->
  <variable name="FILENAME"         type="BUILTIN"/>
  <!-- Expands to current filename -->
  <variable name="FULLNAME"         type="BUILTIN"/>
  <!-- Expands to current filename fullpath -->
  <variable name="FULLPATH"         type="BUILTIN"/>
  <!-- Expands to new line according to current document type -->
  <variable name="NL"               type="BUILTIN"/>
  <!-- Expands to current filename path only -->
  <variable name="PATH"         type="BUILTIN"/>
  <!-- Expands to current time -->
  <variable name="TIME"             type="BUILTIN"/>
  <!-- Expands to current year -->
  <variable name="YEAR"             type="BUILTIN"/>
  
  <!-- ENVIRONMENT type -->
  <variable name="HOME"             type="ENVIRONMENT"/>
  
  <!-- INPUT type -->
  <variable name="PURPOSEP"         type="INPUT" prefix="Purpose:   "/>
  
  <!-- INPUT-SAVE type -->
  <variable name="AUTHORP"          type="INPUT-SAVE" prefix="Author:    "/>

  <!-- TEMPLATE type -->
  <!-- A C Header Template -->  
  <variable name="CHT"              type="TEMPLATE">chdr.tpl</variable>
  
  <macro name="hdr">
    <command>:1</command>
    <command>O</command>
    <command encoded="true">27</command>
    <command>@CL@</command>
    <command>o</command>
    <command encoded="true">27</command>
    <command>@CB@</command>
    <command>i Name:      </command>
    <command encoded="true">27</command>
    <command>@FULLNAME@</command>
    <command>@CC@</command>
    <command>o</command>
    <command encoded="true">27</command>
    <command>@PURPOSEP@</command>
    <command>o</command>
    <command encoded="true">27</command>
    <command>@AUTHORP@</command>
    <command>o</command>
    <command encoded="true">27</command>
    <command>@CB@</command>
    <command>i Copyright: (c) </command>
    <command encoded="true">27</command>
    <command>@YEAR@</command>
    <command>i </command>
    <command encoded="true">27</command>
    <command>@AUTHOR@</command>
    <command>@CC@</command>
    <command>o</command>
    <command encoded="true">27</command>
    <command>@CL@</command>
    <command>o</command>
    <command encoded="true">27</command>
  </macro>
</macros>
