<?xml version="1.0" ?>
<!--
Name:      vcs.xml
Purpose:   collection of version control systems supported
Author:    Anton van Wezenbeek
Copyright: (c) 2012, Anton van Wezenbeek
-->

<vcss>
  <!--
   Each <vcs> has a name attribute (name of vcs used),
   an admin-dir attribute (where admin dir is located),
   a toplevel attribute (default false, admin dir only in toplevel)
   and a flags-location attribute (default 'postfix'), 
   followed by a number of <commands>. 
   
   The flags-location
   configures how this vcs expects the flags argument, if 'postfix'
   the flags will be put after the command, if 'prefix' the flags
   will be put before the command. 
   
   Each <command> will be a menu item, the attribute type indicates
   how this item will be used, if type is 'popup' the item is only
   on the popup menu, if type is 'main', the item is only on the
   main menu, if not given, both on popup and main menu. If the
   type attribute contains an extra 'separator' text, then the command
   will be followed by a separator on the menu.
   Each <command> can also have a submenu or subcommand attribute, 
   the former is shown as a submenu using the name as specified.
   The latter is handled the same, but also used as command to execute.
   You can set an accelerator everywhere using an & char (&amp;).
   -->
  
  <vcs
    name="bazaar" 
    admin-dir=".bzr">
    
    <commands>
      <command type = "main"> &amp;add </command>
      <command> &amp;cat </command>
      <command> &amp;commit </command>
      <command> &amp;diff </command>
      <command type = "main"> &amp;help </command>
      <command> &amp;info </command>
      <command> &amp;log </command>
      <command> &amp;status </command>
    </commands>
  </vcs>

  <vcs 
    name="cvs"
    admin-dir=".cvs">

    <commands>
      <command type = "main"> &amp;add </command>
      <command> &amp;co </command>
      <command> &amp;commit </command>
      <command> &amp;diff </command>
      <command type = "main"> &amp;help </command>
      <command> &amp;log </command>
      <command> &amp;status </command>
      <command> &amp;update </command>
    </commands>
  </vcs>
  
  <vcs 
    name="git"
    admin-dir=".git"
    toplevel="true">

    <commands>
      <command type = "main"> &amp;add </command>
      <command> &amp;blame </command>
      <command> &amp;commit </command>
      <command> &amp;diff </command>
      <command type = "main"> &amp;help </command>
      <command> &amp;log </command>
      <!-- pull and push ask for password (should be asyc, not yet)
      <command type = "main"> &amp;pull </command>
      <command type = "main"> &amp;push </command>
      -->
      <command> &amp;show </command>
      <command> &amp;status </command>
    </commands>
  </vcs>

  <vcs
    name="mercurial"
    admin-dir=".hg"
    toplevel="true">
    
    <commands>
      <command type = "main"> &amp;add </command>
      <command> &amp;annotate </command>
      <command> &amp;commit </command>
      <command> &amp;diff </command>
      <command type = "main"> &amp;help </command>
      <command> &amp;log </command>
      <command> &amp;parents </command>
      <command> &amp;push </command>
      <command> &amp;pull </command>
      <command> &amp;status </command>
      <command> &amp;update </command>
    </commands>
  </vcs>

  <vcs
    name="sccs"
    admin-dir=".SCCS"
    flags-location="prefix">

    <commands>
      <command> &amp;get </command>
      <!-- print shows blame info -->
      <command> &amp;print </command>
      <command> &amp;prs </command>
      <command> &amp;prt </command>
      <command> &amp;sccsdiff </command>
    </commands>
  </vcs>

  <vcs 
    name="svn"
    admin-dir=".svn">

    <commands>
      <command type = "main"> &amp;add </command>
      <command type="popup"> &amp;blame </command>
      <command type="popup"> &amp;cat </command>
      <command type = "main"> &amp;cleanup </command>
      <command> &amp;commit </command>
      <command> &amp;diff </command>
      <command type = "main"> &amp;help </command>
      <command> &amp;info </command>
      <command> &amp;log </command>
      <command type = "main"> &amp;ls </command>
      <command type = "popup"> &amp;proplist </command>
      <command type = "popup"> prop&amp;set </command>
      <command> &amp;stat </command>
      <command> &amp;update </command>
    </commands>
  </vcs>

</vcss>
